userName,teks_ulasan,rating,tanggal_ulasan
Achmad Riyadhi,"terimakasih, sangat membantu setiap zoom meeting",5,2026-06-20 11:19:32
Ivonne Alenda,"Aplikasi yg selalu ku pake saat kuliah di masa pandemi, kualitas videonya oke, fitur"" yg tersedia juga oke. selalu pakai ini buat online meeting.",5,2026-06-20 08:19:17
Fani Sugiarto,the application is comfortable to use and not Tibetan,5,2026-06-20 07:58:20
Nurul Fathima,rapat menjadi lebih efektif dengan zoom,5,2026-06-20 07:32:29
Tanisha Davis,b aja,2,2026-06-20 07:08:20
Junita S,bagus,5,2026-06-20 04:17:10
ke keizz,"Zoom is a dependable video conferencing app that makes online meetings and classes easy to join. The video and audio quality are generally very good, and features like screen sharing and virtual backgrounds improve the overall experience.",5,2026-06-20 02:05:33
Raihan Rizieq,Bagus dan lancar dalam komunikasinya. Tolong ditambahkan fitur trankripsi di ruang diskusi,4,2026-06-20 01:38:45
Chania Esni,gada bg nya,1,2026-06-20 01:27:28
Maveryn Unovelle,"semakin kesini semakin dibikin ribet nyari fitur nya, mana gd tutorialnya. mksi",2,2026-06-19 16:23:02
David Richard,everything is okay,5,2026-06-19 12:11:40
rona yanuar,rapat dari kasur tapi background kantor,5,2026-06-19 06:17:06
Dzakiyyah Azkiya fairus,"sayang aplikasi,a berhenti sendiri padahal apk nya sangat membantu sekali,apa lagi kalau ada zoom dari PPATK pusat yg mengharuskan zoom meet",4,2026-06-19 03:49:47
FENI WULANDARI,"jelek, GK bisa masuk",1,2026-06-19 02:23:20
aidi mansuri,sangat Rekomended,5,2026-06-19 01:35:02
anton dharma,Ga kebayang kalo g ada zoom,5,2026-06-19 01:19:06
Litha Pasepe,"Aplikasih ini sangat menolong, walaupun berbeda negara kami bisa di satukan dalam zoom ini.",5,2026-06-18 15:08:48
Siti Rahayu,iya,5,2026-06-18 12:31:08
Yusran 19,kenapa sya ksi bintang satu karna setiap sya msuk tdk bisa,1,2026-06-18 07:20:33
Radeva Ardanu,good app,5,2026-06-18 06:50:53
Hesty Rufina,bagus,5,2026-06-18 06:32:01
Firdaus Habib rahman,gak bisa virtual background,2,2026-06-18 04:23:58
Regina Anggita Marpaung,"di perangkat saya tidak bisa menambah background, masalahnya di mana ya? mau update tapi udah yang paling terbaru, jaringan lancar, tolong dibantu pihak zoom",3,2026-06-18 03:13:40
Lukman Hakim,sangat bagus dannmembatu dalam belajar on line,5,2026-06-18 02:52:28
Jonathan Sianturi,keren,5,2026-06-17 23:05:19
Wuma 1311,mantap,5,2026-06-17 21:40:13
Main Game,Good,5,2026-06-17 16:02:07
Anisa Ichsandari,"Aplikasi yang memudahkan dalam berkomunikasi jarak jauh, tanpa minimal orang dan waktunya juga panjang sehingga memudahkan orang berkomunikasi.",5,2026-06-17 14:50:21
Feli Taira,menyenangkan dan memudahkan urusan.,5,2026-06-17 14:17:50
Restu Wijaya,sangat berguna untuk pertemuan dalam cakupan banyak orang secara virtual,5,2026-06-17 14:13:13
Arya Putra Prathama,"Dasar aplikasi rusak, banyak bug, ikut meeting malah tidak bisa lihat siapa yang join/siapa pesertanya, membuka komentar juga tidak bisa, tolong perbaiki itu sangat mengganggu!",1,2026-06-17 13:30:16
Andromax 82,Ok,5,2026-06-17 12:16:07
nana ruhayana,Zoom nya jelas dan terang,5,2026-06-17 12:13:30
Annisa Wardani,"Zoom is an excellent video conferencing platform for both professional and personal use. The audio and video quality are reliable, and the interface is simple and easy to navigate. Features such as screen sharing, virtual backgrounds, and meeting recordings make online collaboration much more effective. Overall, Zoom is a dependable tool for communication and remote meetings.",5,2026-06-17 11:02:57
Sandrina Junior,"Zoom itu aplikasi yang menurutku sangat membantu, apalagi buat belajar atau meeting online. Suara dan videonya cukup jelas, jadi enak buat ngobrol walaupun nggak ketemu langsung. Cara pakainya juga gampang, tinggal masuk link langsung bisa gabung. Aku juga suka karena bisa dipakai di HP atau laptop. Pokoknya Zoom itu praktis banget dan layak bintang 5.",5,2026-06-17 10:25:49
Genz Venom,"⭐⭐⭐⭐⭐ (5/5) Zoom merupakan aplikasi konferensi video yang sangat membantu untuk kebutuhan rapat, pembelajaran online, webinar, maupun komunikasi jarak jauh. Aplikasi ini memiliki antarmuka yang sederhana dan mudah digunakan, sehingga cocok untuk berbagai kalangan, mulai dari pelajar, mahasiswa, hingga profesional. Salah satu keunggulan Zoom adalah kualitas video dan audio yang cukup stabil, bahkan pada jaringan internet yang tidak terlalu cepat. Fitur-fitur seperti berbagi layar (screen sharing)",5,2026-06-17 07:30:39
Mohamad Mas vio,"this apps so amazing meeting with client,study aor anything more easy connect with zoom 🥰",5,2026-06-17 06:37:41
Rika Chen,baik,5,2026-06-17 05:10:17
Devin Revel,good,5,2026-06-17 03:56:55
Steven Lunsford,ini gimana sih cara ganti background nya kok gak ada kayaknya dulu ada soalnya lama gak pakai zoom,1,2026-06-17 02:33:11
Erlisty,aplikasinya ngga bisa di instal pdhl memori udh banyak yang kosong sllu gagal di instal,1,2026-06-17 00:46:08
Faj Com,trimakasih zoom workplace GBU,5,2026-06-16 22:38:58
Tri Hartini,mantap,5,2026-06-16 14:22:22
Rifki Farhan,pengiriman kode ke email untuk login sangat lama sekali,1,2026-06-16 11:42:33
Justian,very good,5,2026-06-16 08:21:15
Yunita,bagus,5,2026-06-15 23:23:17
Ahmad Rifai,Zoom Workplace Aplikasi Terbaik 👍🏻,5,2026-06-15 19:54:06
Elsa Dina,cukup baik dan berfungsi,5,2026-06-15 11:08:03
Naomi Kim,Saya kasih bintang 1 karena pas saya mau masuk akun malah tidak bisa 🙏😞,1,2026-06-15 07:37:27
앙가라,좋아요,5,2026-06-15 03:03:09
Dody TP,komunikasi lebih efisien,5,2026-06-15 02:38:57
Nur Apt,baik,5,2026-06-15 00:06:56
Ikhwan Aulia,ribet pake zoom mah!!!!!,1,2026-06-14 14:28:16
Revanda Maulana,Tidak bisa jalan di browser,1,2026-06-14 12:47:45
Rengga Solehudin,aplikasi zoom mending di tutup aja. karna makin kesini . pengguna/para atasan perusahaan lebih seenak nya memakain zoom meeting tnpa batasan waktu . sehingga menghabat pekerjaan . meeting sewajar nya seminggu sekali atau 2 minggu sekali. ini di pakai miting tiap hari karna adanya aplikasi ini . saya pekerja operasional sangat tidak setuju adaanya aplikasi ini .,1,2026-06-14 12:30:21
OPPPK_Kota.Bekasi98_03_Nano Susandi,sangat bagus,5,2026-06-14 09:57:29
akmaludin S.Sos.I,oke,5,2026-06-14 03:12:23
rudi abis,sangat membantu,5,2026-06-14 02:58:54
Rita Vera,bagus,5,2026-06-14 00:08:42
Kian Min,Gambar yg bagus saat ini suara tidak delay lagi,5,2026-06-13 12:57:45
Brayend Xiv,good,5,2026-06-13 12:40:53
Abdi Hakim,terima kasih zoom 😍💯,5,2026-06-13 09:06:50
Bumdes Trenggalek,Baik,5,2026-06-13 06:27:06
Harlan Simon,kenapa ga bisa buka kolom komentar sihh,1,2026-06-13 03:32:00
Mohammad Sulkhan,mantap,5,2026-06-13 01:00:50
MAYA SAJA,i like this page's,4,2026-06-12 16:42:30
Lili Wahyuni,sangat membantu dalam business,5,2026-06-12 14:00:24
ahaz gold,sangat keren,4,2026-06-12 11:16:18
Mandarin Serieal,makin kesini makin lelet aplikasinya,1,2026-06-12 08:27:39
Nathanael Lie Pangau,"Zoom apps meniadakan hambatan jarak, menyatukan perbedaan, mewujudkan solusi.",5,2026-06-12 06:14:05
Herdin Fernando,bermanfaat banget,5,2026-06-12 01:26:07
robiah biah,kenapa waktu mengikuti yang terlihat hanya 3 orang padahal didalam ada 27 orang peserta. dan biground saya udah saya setting masih tidak bisa. mohon diperbaiki workplace nya.,5,2026-06-11 21:50:33
Animasi Nafis,"apk homok. mau join zoom kuliah mesti banyak drama ga bisa masuk room lah, mik nyala sendiri lah. tolong di perbaiki bug bug yang ada",1,2026-06-11 12:06:12
Muhammad Husen,LAGI INTERVIEW TIBA TIBA SINYAL JELEK. PADAHAL DATA 30GB PENYIMPANAN MASIH BANYAK APK GA JELASS PAYAHH👎🏾👎🏾👎🏾👎🏾👎🏾👎🏾,1,2026-06-11 07:22:48
Rudi Azhar,Zoom byk manfaat,5,2026-06-11 07:16:00
S3no Mst,sangat membantu,5,2026-06-11 04:45:02
erwinda maya,memudahkan pengguna untuk memulai komunikasi face to face tanpa terhalang jarak,5,2026-06-11 03:28:54
shevia panjaitan,Membantu sekali untuk perkuliahan,5,2026-06-11 02:06:34
ADE IMAM ZAELANI,good job,5,2026-06-11 02:02:27
N'cep Dudi,Aplikasi wajib untuk kerja remote! Kualitas video sangat jernih dan koneksinya stabil dibanding aplikasi sejenis. Fitur ganti latar belakang (virtual background) sangat membantu saat ruangan berantakan. Sangat direkomendasikan.,5,2026-06-11 01:30:48
Claudya Claw,"sangat membantu, sejak jaman covid, sudah banyak update yg semakin membuatbtampilan zoom menarik",5,2026-06-11 01:00:03
Joan,Platform andalan untuk meeting online dan kuliah digital. Kualitas audio dan videonya sangat jernih bahkan dengan koneksi internet yang standar. Fitur breakout rooms dan screen sharing sangat mendukung produktivitas kerja kelompok.,5,2026-06-11 00:54:26
djaharoh ds 1959,Cukup banyak membantu bersosialisasi,5,2026-06-11 00:29:53
Misrani Albanjari,bagus sekali,5,2026-06-11 00:17:28
awalia citra,bintang 5 deh soalnya cucooo meong sayyyy,5,2026-06-10 19:35:24
Adinda Hermawati,"kesel suka eror melulu, mana lemot parah!!",1,2026-06-10 12:22:08
Aripin pranata,keluar masuk aplikasinya,1,2026-06-10 03:51:54
nunaaa hanun,This application helps my learning process (tutoring) become easier even though it is long distance. i like it,5,2026-06-10 02:38:15
Alpi Syahri,baik,5,2026-06-09 14:55:32
Matius Prapto,👍👍👍👍👍,5,2026-06-09 13:29:15
Devil Slayer,gak bisa pakai backround,1,2026-06-09 04:15:52
Mahroni,tidak bisa ganti baground,1,2026-06-09 02:28:46
Ade Sadewa,bagus,5,2026-06-09 01:15:27
RIDWAN hayatulloh,"saat mencoba masuk menggunakan akun selalu gagal di bagian kode verifikasi, padahal kode yang ditulis sama dengan yang terkirim di Gmail, tapi di aplikasi tertulis kode verifikasi salah",1,2026-06-08 17:01:13
Dwi sutriyanto,masukin bragroun lewat hp sekarang gak bisa lebih jelek zoom,1,2026-06-08 14:43:07
Elvinna Nababan,lumayan,5,2026-06-08 13:57:18
MHS GOOD,bagus,5,2026-06-08 13:55:46
Bernardus Wairisal,Sangat tertolong dengan fasilitas zoom yang sangat luar biasa dan semakin bermanfaat ini 👍👍👍,5,2026-06-08 13:27:49
Sadilih Dilih,Semoga sukses selalu dalam munuju bisnis segala sesuwatunya,5,2026-06-08 12:19:02
Dzaki Nauval,Ketika menggunakan zoom sering keluar sendiri entah kenapa,1,2026-06-08 10:24:02
Annisa Young,dibilang nya penyimpanan gak mencukupi padahal aku udah hapus banyak app,1,2026-06-08 09:19:22
Ary dharmawan,gajelas kode verifikasi udah sesuai malah salah,1,2026-06-08 09:08:24
Laks Mana (Manu),ok mantap,5,2026-06-08 06:17:33
zainul arifin,ukuran terlalu besar untuk aplikasi yang dipakai cuma online meeting saja. saran perkecil ukuranya atau pisah dengan membuat aplikasi yang lebih ringan dan fitur basic untuk penggunaan aplikasi zoom yang tidak setiap saat dipakai online meeting,1,2026-06-08 04:34:58
Tanzil karomi,baik,5,2026-06-08 04:20:10
Nald Hia,sangat bagus,5,2026-06-08 04:10:22
Doddy Ariansyah,"Zoom adalah aplikasi konferensi video yang sangat diandalkan dengan kualitas audio dan video yang stabil, bahkan pada koneksi internet standar. Fiturnya sangat lengkap, mulai dari screen sharing, breakout rooms, hingga latar belakang virtual yang mendukung produktivitas kerja dan belajar jarak jauh. Antarmukanya intuitif dan mudah digunakan oleh pemula. Sayangnya, durasi rapat versi gratis dibatasi 40 menit dan terkadang memakan konsumsi baterai serta RAM yang cukup besar pada perangkat.",5,2026-06-07 16:43:57
Adi. C,aku benci bgt pakai Zoom,2,2026-06-07 10:13:34
pen hendra,baik dan bagus,3,2026-06-07 08:54:53
Tama Adji,"aplikasi setelah didownload tidak dapat memunculkan fitur chat pada zoom,",1,2026-06-07 02:49:52
"irsyad , aLdis , siregar .","p , bagus , apLikasi , nya .",5,2026-06-06 12:30:05
gサントソ,backrground virtual tidak bisa digunakan,1,2026-06-06 11:50:05
Nurdinbm Nurdinbm,mantap,5,2026-06-06 09:34:33
Latanza Hanum,Ok,5,2026-06-06 03:10:49
Rahmat Wibowo,sangat berguna,5,2026-06-05 11:16:44
scarllate jaem,"jelekk. baru kali ini stuck di lobby, gabisa masuk ke room diskusi dosen",1,2026-06-05 04:02:16
Nurjamil Johan,"sy menggunakan huawei tab kolom chatnya tidak bisa diklik dan pesan juga tidak muncul padahal sebelumnya bisa sebelum update, hal ini jadi sangat mengganggu tapi klo saya buka di hp xiaomi kolom chatnya kebuka padahal sama sama android mohon di perbaiki bug nya",3,2026-06-05 02:04:21
johny korwa,baik,5,2026-06-05 01:55:23
Agustinus Jamlean,bagus,4,2026-06-05 01:40:28
Didin Nursidin,mantap,5,2026-06-05 00:02:36
Dicky Ibrahim,bagus,5,2026-06-04 23:54:06
Yulitera Gombo,sangat mempermamfaat,1,2026-06-04 23:08:13
Muhammad Hanzhalah,Terima kasih zoom. apk yg sangat bagus,5,2026-06-04 23:02:48
Mukti Ali,semangat selalu,5,2026-06-04 08:54:00
Intan Mas Duha,good,5,2026-06-04 03:05:40
Yuli Wulansari,"di hp saya yg sekarang ini saya tidak bisa menggunakan beground tambahan tapi di hp lain bisa menggunakan beground,knp bisa beda ya? apakah beda hp beda beda penggunaanya ?",1,2026-06-04 03:01:31
` Vlynansia `,"Apa yang membedakan aplikasi ini sebenarnya? Ada aplikasi serupa dari Google, G-Meet, malah lebih ramah penyimpanan. Fitur lengkap dan lain sebagainya. Zoom termasuk saingan G-Meet yg cukup kompeten. Tapi saya rasa, semakin lama Zoom semakin kikir. Besarnya aplikasi dan borosnya pemakaian kuota membuat Zoom memiliki nilai minus yang cukup terasa. Better ke depannya di optimalisasi.",2,2026-06-04 01:24:04
sohibul hidayat,Mantap,4,2026-06-04 00:35:56
TAUFIK FAJAR SEPTIAWAN,semoga yang samsung memakai os exynose bisa ada di tambah vitur ganti background seperti di hp yang lainnya,1,2026-06-03 23:09:42
Jenal Pasengoran,"sangat berguna untuk mempermudah pertemuan secara online,saya ucapkan terimaksih bagi yang telah membuat aplikasi zoom ini,menurut keyakinan saya,TUHAN YESUS memberkati ,apabilah ada salah kata,atau ada kata yang tidak berkenan mohon di maafkan 🙏",5,2026-06-03 15:07:01
agus andi,buat rakornas dan skill up,5,2026-06-03 12:21:28
Risma Fadhila,"APK BUSUK, JELEK, KEBIJAKAN GA JELAS. JUJUR GA PERNAH IKHLAS",1,2026-06-03 09:22:25
Tri Wahyono,bgus,5,2026-06-03 07:13:14
Yan Nelson,"perampok, langganan tidak bisa dibatalkan",1,2026-06-03 04:23:45
Indhy,kouta saya cepat habis,5,2026-06-02 12:33:41
Aspar Putra Setia,mantaplah,5,2026-06-02 07:47:25
Akbar Jhoezoya,"Zoom makes online meetings simple and reliable. The video and audio quality are clear, and I rarely experience connection issues. Perfect for both work and personal use.",5,2026-06-02 04:58:43
Ayu Asrhida,aplikasi yang sangat membantu dalam pekerjaan mempermudah dan menghemat biaya untuk rapat,5,2026-06-02 04:40:26
Hannah Bolton,"Paling stabil & jelas! Video/audio jernih, fitur lengkap, gampang dipakai. Sekolah/kerja lancar jaya. Terbaik! 📹✅",5,2026-06-02 03:46:03
asep kurnia,bagus,5,2026-06-02 03:23:46
Herdina Pasaribu,bikin background aja sulit,1,2026-06-02 02:21:59
Aloysius Herin,luarbiasa,5,2026-06-02 01:10:00
Donny noer adhi Grab,ngeselin,1,2026-06-01 11:36:25
Intannjani,susah bgt di downloadny,1,2026-06-01 09:12:25
Miftahul Arifin1922,saya menggunakan android versi terbaru tapi mau ganti baground ketika zoom g bisa selalu an error mohon diperbaiki supaya penggunaanya lebih mudah sprti semula,3,2026-06-01 05:15:38
Alexander D.,kerenn,5,2026-06-01 03:04:11
Recook - Kitchen,penggunaan nya sangat mudah,5,2026-05-31 23:42:11
Megapad Tegal,ok,5,2026-05-31 08:03:46
Muhammad Maksum,ini aplikasi yg berguna buat saya. untuk meeting dan untuk menambah ilmu. mantap !!!!,5,2026-05-31 07:37:13
Ipunkuye,sangat membantu u tuk perkuliahan,5,2026-05-31 05:07:15
Ranny DPS,Good,5,2026-05-31 01:55:39
Maskud,mantab,5,2026-05-30 23:57:38
Zainul Arifin,Zoom Sangat Bagus .,5,2026-05-30 15:00:27
Aida Salsabila,sangat membantu,5,2026-05-30 00:29:44
Akun Kedua,"sering bug, kadang kalo masuk room, suara kita ga bisa terdengar🥲",4,2026-05-29 13:30:01
Ririn Asmawati,luar biasa kami bisa menggunakan zoom Workplace LBH mudah dan simple untuk presentasi online,5,2026-05-29 11:47:34
Teguh Bayu Bagasworo,mantab 👍👍👍,5,2026-05-29 04:06:24
Derew Masibe,"aplikasi aneh. virtual background memang ada, tapi ga bisa dipakai apalagi ga bisa pakai background dari gambar sendiri. kalah sama aplikasi sebelah. udh jadi app besarpun ga ada perbaikan. -10/10",1,2026-05-29 01:49:06
Febry Irwansa,"tidak bisa ganti background Zoom, nilai harusnya nol.",1,2026-05-28 14:50:02
Reni Miftahul,bagus,5,2026-05-28 13:13:09
Mimin Mintarsih,andai bintang bisa lebih dari lima ya bagus banget,5,2026-05-28 12:58:10
Mhd raffa21 Raffa,bagus sekali,5,2026-05-28 12:21:35
Iqbal Hippy,.keReen..,5,2026-05-28 03:20:03
Ruben Manullang,Mauliate ma di panitia,5,2026-05-28 02:32:28
Slepmen,aplikasi tolol mau buat akun meni ribet inilah itulah ujung ujungnya GK bisa tidak valid emang tolol ni aplikasi,1,2026-05-27 13:57:13
DANIEL ADE,sangat membantu,5,2026-05-27 11:22:16
Job,Good and helpful 👍🏼👍🏼,5,2026-05-26 23:39:06
M Surin,saya cobak kasih bintang 4 dulu,4,2026-05-26 06:10:34
Hasan Terapi Kesehatan,Good,5,2026-05-26 04:31:21
selvince haning,instal nggak bisa,1,2026-05-26 02:24:26
Febrianti Eri,"bagus, mantap.",5,2026-05-26 01:36:25
Ataturk Aulia,"tolol, harus banget apa kalo di hp login dlu, udah login cape cape kirain udah masuk di aplikasinya malah disuruh login lagi ujung ujungnya ke website Mulu, trus apa guna aplikasi kalo tabnya ke website Mulu",2,2026-05-25 23:32:37
CV. NIZAM TRICAL,mantap,5,2026-05-25 16:18:13
Marcella Sri Januwati,"Lancar dan sgt memberkati u pertemuan jarak jauh,menjangkau yg jauh di mana pun berada",4,2026-05-25 14:42:07
Treasure Maker,najis udah hapus sampe 1 gb pun masih ga bisa ke download ini app,1,2026-05-25 09:29:43
Andri Kurniawan,Tidak bisa login pakai akun pribadi ini bagaimana ya?,2,2026-05-25 09:09:07
juliyanto naim,aplikasi ini membuat saya binggu mendonlotnya pusing,5,2026-05-25 07:22:09
Yati Iteng,ok bagys,4,2026-05-25 01:52:42
Imam Mukhson,bagus,4,2026-05-25 00:18:28
Dapa Standar Tengah,login susah gak jelas!!!! masa kode benar disalah ke terus,1,2026-05-24 23:55:25
siti fatimah,keren,5,2026-05-24 12:13:53
Edo41 Htb,sangat membatu kerjaan saya terima kasih Zoom,5,2026-05-24 09:52:32
Griya Arrahmah,belajar semakin mudah Tampa halangan seolah olah jarak suatu wilayah menjadi semakin dekat,5,2026-05-23 23:17:34
Sam the real ganteng Fernandez,belajar online jauh lebih gampang,5,2026-05-23 08:27:56
Rahmat Alkarim,👍🏻👍🏻👍🏻👍🏻,5,2026-05-23 05:59:11
asrizal rizal,sudah baik,4,2026-05-23 04:59:22
Laila kurnia Sari,susah masuk ke aplikasinya ribet daripada masukin akun ga bisa bisa padahal udah bener semua,2,2026-05-23 04:14:06
Merlin Pangemanan,mantap,5,2026-05-23 02:39:52
Ayub Degei,ok,5,2026-05-23 01:45:21
Spd Supendi,ok,5,2026-05-22 23:23:04
Dimitri V.,"Aplikasi memakan banyak ruang penyimpanan, seharusnya aplikasi sederhana seperti ini dibawah 50mb saja. Kok sampe 600mb lebih? apalagi sekelas perusahaan besar 🤦‍♂️",1,2026-05-22 21:02:42
mariam khan,keren,5,2026-05-22 13:40:21
MAFIA,sangat bagus aplikasi zoom ini untuk webinar dan sebagainya,5,2026-05-22 12:54:25
Giofan Gilbert AM,sangat bagus,5,2026-05-22 12:00:52
Tamrinriah Riah,semogah bermampaat,5,2026-05-22 09:37:15
Dela Puspita,"sebenarnya sudah bagus, cuma di hp saya yang sudah support virtual background, ketika saya mulai rapat tetap tidak ada opsi untuk mengganti virtual background",2,2026-05-22 02:50:10
Travel Umroh,keren banget,5,2026-05-22 01:29:00
Fajar Dwiono,ok,5,2026-05-22 01:17:26
Budiman,tidak suport buat ganti background payah!,2,2026-05-22 00:31:12
Hilmi rivairamdani,"kenapa saya tidak bisa masuk dngn akun google, dan petunjuknya ""Maaf, Anda tidak dapat mendaftar Zoom pada saat ini.""",1,2026-05-21 22:27:24
Yuli Ana,good,5,2026-05-21 17:42:55
Hanafi Jaballah,bagus,5,2026-05-21 17:09:03
Indri yani,"zoom jangan picky sama android dong, masa cuma mau ganti baground dari hp aja gabisa huhu",2,2026-05-21 09:39:33
Arjunk Tarra',baru 4 baru pengecekan,4,2026-05-21 05:56:20
Raizel,"Apa ini, login google aja ga bisa",1,2026-05-21 05:55:16
Norman,good aplication. sahlun jiddan no embel embel.,5,2026-05-21 05:34:16
Muh Hafifuddin,tidak bisa menggantikan latar belakang,3,2026-05-21 03:51:58
Alfonsius Widiantoro,ok tetapi kenapa chat dimenu obrolan saya TDK bisa digunakan ya mohon dibantu,5,2026-05-21 03:29:57
Monica Agnessya,"di apk kolom komentar ngak bisa dibuka (hanya ada tulisan ""memuat""), jadi terpaksa join melalui web untuk bisa mengirimkan chat di kolom komentar, sering terjadi akhir² ini padahal jaringan aman, dulu ngak pernah gitu, beberapa bulan terakhir ini sering gitu, makin diperbaharui makin bermasalah. tolong ditingkatkan lagi ya, bukan hanya update aplikasi tapi isi² nya juga di perbaharui biar lebih bagus",1,2026-05-21 02:40:27
Mauro Arfazio,Alhamdulillah Bagus Bgt,5,2026-05-20 12:11:16
nana dada,saya tidak memahaminya. kenapa hal ini bisa terjadi?,1,2026-05-20 11:15:08
Zahrul Harmen,maaantaap,4,2026-05-20 10:04:10
Emad Mad,ready oke,5,2026-05-20 08:43:18
Ronaldy 28,sangat membantu,5,2026-05-20 06:26:28
baska kap,bagus walaupun agak lag,5,2026-05-20 03:49:22
Randi Susatrio,Tingkatkan terus....,5,2026-05-20 03:46:21
Iyet Dona,kenapa tidak bisa di install,5,2026-05-20 02:13:23
Holid Wahyudin,Ini bagus sangat membantu bisa menambah pengetahuan serta memudahkan untuk tanya jawab,5,2026-05-19 15:21:22
LEN5A BATU 12,ok,5,2026-05-19 14:05:55
Budi Dharma Sudhawasa,Very helpfull application.,5,2026-05-19 13:38:13
Prayitno Prayitno,ok,4,2026-05-19 13:37:36
Tega Jack,👍 bagus,5,2026-05-19 10:18:43
Malika Rizqi,sangat bagus untuk anak anak,5,2026-05-19 08:49:17
Dilla Sundari,"GILA YA ZOOM NI, RIBER BGT APLIKASINYA HARUS INI HARUS ITU MENDING GMEET KEMANA MANA",1,2026-05-19 03:20:21
Herman Amir,mantap,5,2026-05-19 03:13:17
alim abdya,sangat membantu dan terhubung dengan bbg kegiatan online,5,2026-05-19 02:46:52
Icha Sahaja,"Aplikasi virtual backgound tidak bisa digunakan. Ketika set background muncul notif ""an error occured"". Dapatkah saya mengetahui penyebabnya dan solusi apa yang harus saya lakukan ? Mohon pengarahan, agar aplikasi background tsb tidak error lagi sehingga saya dpt menggunakannya dg gambar yang saya perlukan. Terima kasih.",4,2026-05-18 23:20:06
I Ketut Budhi Dharma,bagus suara jernih gambar terang thank,5,2026-05-18 22:59:30
Omri Pukka Sitompul,"zoom sekarang lebih nyaman, komunikasi lancar",5,2026-05-18 22:13:15
Merta I Ketut,sangat membantu,5,2026-05-18 10:58:18
Eko Taryono,sangat mendukung,5,2026-05-18 10:47:00
Hermione Arlenne Tedry,berguna untuk rapat,5,2026-05-18 07:10:24
Jaliyia Burke,This application is helpful to get connection with anyone else. I can change my background with any options and get some cute and funny filters. Such a great apps and useful !!,4,2026-05-18 01:03:07
Keynara Aishwa,bagus bisa buat daring lewat zoom ini 100% ampuh,5,2026-05-17 12:48:35
Kencana Mulya,ok,5,2026-05-17 12:02:13
Tabs2 2018 (Rahman),👍sangat berguna,5,2026-05-17 06:06:18
candra Dirgantara,memuaskan,5,2026-05-17 04:57:53
abdul syukur,"ini kenapa zoom? kode masuk udah bener, tapi di sistem salah terus, aneh.",1,2026-05-17 04:11:27
PInaringan Wicaksono Pinaringan,yaa.sangat canggih dengan aplikasi lainnya sangat bermanfaat untuk meet pendidikan saat digunakan suara bisa bekerja dan mampu melihat semua sistem,4,2026-05-17 04:05:25
Riyadiie 087,sangat bermanfaat,5,2026-05-17 03:50:51
Asilah Zhy,baik,5,2026-05-17 00:43:13
Butet Minggu,mengapa saya sulit klem host ya,2,2026-05-16 05:34:58
Aku Atomic Lah,"update terbaru ini menurutku benar-benar sampah sih,",1,2026-05-16 01:39:35
Umi Luqman,"gabisa pasang background pliss, eror muluu",1,2026-05-16 01:21:08
Dika Aza,Bagus,5,2026-05-15 14:22:11
SEMUEL SELE,Aplikasi bagus,5,2026-05-15 13:37:25
Masdian S.Sos.I,Goodlah,5,2026-05-15 11:22:43
Mohammad Ibrahim,kameranya gelap terus,1,2026-05-15 06:12:54
Miyani Yani,bagus banget membantu banget,5,2026-05-15 04:23:15
Samsung A21,tdk bisa donltot mohon solusi,5,2026-05-14 14:16:06
Asri Mahamusa,sangat baik untuk miting,5,2026-05-14 10:44:01
agus sunarto,bagus,5,2026-05-14 07:09:33
van zul,good,5,2026-05-14 04:50:18
J,Baik,5,2026-05-14 04:00:42
Putri Sabrina,siap,5,2026-05-13 19:15:04
NURRA Hits,the best,5,2026-05-13 14:15:30
Ahmad,ampun dah login nya sekarang jadi susah sama tampilan nya tambah ribet,3,2026-05-13 11:59:17
Joko Manalu,aplikasi ini luar biasa,5,2026-05-13 10:45:15
Alya Rahma Febiantri,"Banyak erornya, sudah update ke versi terbaru dan jaringan stabil juga masih tetap eror, entah di bagian kamera ataupun audio. Virtual Background tidak bisa dipakai, selalu muncul bacaan ""An Eror Occurred""",1,2026-05-13 09:42:57
Somen Shakir,ok,5,2026-05-13 09:31:49
M Arya Mahmuda,BABI ... LOGIN AKUN DI DESKTOP DENGAN EMAIL YANG SAMA BANYAK KALI KEAMANAN GAK PENTING. BELAJAR DARI GOOGLE LAH MEMPERMUDAH PENGGUNA. INI PAKAI (This Page isnt responding) SIALAN AKU MAU CEPAT MALAH LAMBAT.,2,2026-05-13 09:11:54
Dewi Harmala Sari,memudahkan segalanya,5,2026-05-13 05:59:09
Lisrawita 84,jaringan kurang bagus saat live berlansung,4,2026-05-13 04:56:47
Afnan Afrijal,"sudah login, namun sering kali kendala tidak bisa join zoom meeting.",1,2026-05-13 03:29:29
Abdul Ghofur,baik,5,2026-05-13 03:24:41
Boan BNZ,tolong tambahin juga layar background untuk android,4,2026-05-13 02:03:19
MistaFimal Duha,"Sering keluar pas lagi rapat padahal jaringan stabil!!! Ini tolong perbaiki dong, padahal dulu gakayak gini deh,makin kesini makin kesana:(",1,2026-05-12 12:31:42
Reymer Edin,bagus,5,2026-05-12 12:27:27
JaGaTraDisi Chanel Annas,aplikasi ini sangat berguna bagi pekerja yang mempunyai perkantoran dengan banyak cabang di berbagai daerah,5,2026-05-12 04:36:25
Reno Andi,Ok,5,2026-05-12 02:00:12
Fusna Fusna,zoom,5,2026-05-12 00:35:40
Tomas Pratama,ga bisa log in,1,2026-05-12 00:32:42
JOSE-BATFYOR JOSE,SAYA KASIH BINTANG TIGA DULU SOAL NYA SAYA MAU MENDAFTAR DI APK ZOOM INI KOK SULIT BANGET YAH...,3,2026-05-12 00:09:00
Endangpraba Daniar,boleh juga,5,2026-05-11 11:44:33
Karsono,Dapat membantu saya dan keluarga dalam berkomunikasi di group,4,2026-05-11 08:03:05
Rival Firmansyah,good,5,2026-05-11 05:41:22
Nur Anisah,membantu,5,2026-05-11 04:44:26
Marselino Aditya Nugraha,"saya kecewa dengan fitur zoom, jadi ceritanya saya ada presentasi kuliah yang dmn dosennya menyuruh kita untuk me record setiap presentasi, pada saat kelompok saya presentasi mulai lah direcord sampai selesai dan ketika selesai ada bacaan ""apa anda yakin ingin menyimpan rekaman ini ke could jika iya anda akan menerima notifikasi ke email ketika rekaman sudah siap"" kebetulan email saya penuh, tapi seharusnya rekaman tersebut terdaftar di could saya juga sudah login zoom, tapi kenyataannya tidak.",1,2026-05-11 04:24:55
Larti Sularti,aku bisa zoom jadinya🥰🥰🥰,5,2026-05-10 12:40:20
Abdul Rachman,semoga makin jaya dan merekah,5,2026-05-10 00:41:43
Wyla Aan,baguss,5,2026-05-10 00:06:12
Padly,bikin record nya bisa 2x tap kanan kiri buat maju mundur lah,4,2026-05-09 16:15:48
Subhan Nur,memudahkan,5,2026-05-09 14:32:54
Nizhaar Sabyan Putra,"mantapsssssssssssssss,.zoom sangat membantu untuk berkomunikasi tidak usah keluar rumah dan capek capekkk gampang amat gak susah tapi sering ngelek banget tapi berguna kok semoga juga tidak bikin saya emosi karna ngelek dan aneh background nya kata teman saya bisa di ubah (background nya di foto galeri ternyata teman. saya bisa diganti background nya foto nya dari galeri dan mi browser giliran saya tidak bisa di ubah foto nya masak saya dikasih background babi/monyetsemoga dibenerin Aamiin",4,2026-05-09 14:14:00
Syahroni Roni,cari solusi pengusasha tp blm mengerti insya allah mengerti ????🤲😇🙏,5,2026-05-09 12:35:26
Jaka Subagja,top,5,2026-05-09 12:24:49
daffa tiara,apakah fitur virtual background di hp samsung A35 tidak bisa dilakukan di zoom? mohon infonya terima kasih,5,2026-05-09 11:20:43
Rudi yanto,Aplikasi Yg Bagus,5,2026-05-09 11:08:29
Mohammad Huda,sangat berguna dan tidak makan tempat,5,2026-05-09 07:13:32
M Adil Rasjid,"Banyak Sekali Digunakan Semoga Selalu memberikan Layanannya, Wslm 🤩🤗",4,2026-05-09 01:57:02
Rosain Paputungan,Puas,4,2026-05-09 00:54:04
Endra Raharjo,stabil dan suaranya terdengar jelas,4,2026-05-09 00:47:13
Rizkilia Dewi Wulandari,bagus,5,2026-05-09 00:36:06
Triasyaaa Triasyaaa,gabisa di download,1,2026-05-08 16:02:05
Atiqah,"Aplikasi meeting paling brengsek. Dulu pas jaman covid leluasa aja memakainya, fitur-fitur masih mendukung android. Sekarang? harus premium. Banget. Kikir parah ini aplikasi, siapa yang rela bayar ratusan hanya demi meeting yang lebih dari 40 menit + background langsung dari galeri?",1,2026-05-08 12:40:06
Fauzanpewarta Foto,percobaan bisnis,5,2026-05-08 06:47:12
Uco Piyak,ok,5,2026-05-08 03:03:45
Adi Joko,mantap,5,2026-05-08 02:40:22
Iswanto Putra pratama,"sekarang entah kenapa zoom gak enak,gak kayak dulu.sekarang kalau lama gak zoom tiba² mau zoom eh zoom nya gak mau buka harus update atau instal ulang",1,2026-05-08 02:06:37
Ridho Sobri,oke,5,2026-05-08 02:04:21
Gilbert Satriani,ok,4,2026-05-08 01:33:45
fahis sj,kenapa tidak bisa pasang background dari hasil download,3,2026-05-07 16:27:29
Nur Sugianti,ok,5,2026-05-07 11:24:08
Muhamad Sidgi Kurnia,"Minta tolong untuk pengelola Apk zoom, knpa ini tiba tiba saldo saya di potong untuk berlangganan, Mohon untuk bisa di refund ya soalnya saya gatau tiba tiba terpotong dan gaada konfirmasi lewat email atau apapun",1,2026-05-07 08:47:24
rasniati aira,baik skli,5,2026-05-07 06:47:23
SUPANDI PANDI,sangat membantu untuk kegiatan rapat yg urjen,5,2026-05-06 12:08:05
Sutiyah Sutiyah,sangat membantu dalam berbagai kegiatan,5,2026-05-06 08:05:22
Eka Putri Sari,Gk bisa di download apk zoom nya,1,2026-05-06 07:19:45
Ruben Syahril,Bagus,5,2026-05-06 03:43:03
lambok sijabat,tidak bisa ganti background,4,2026-05-06 01:34:46
Abdur Rahman Binnas,bagus lancar dan banyak manfaat,5,2026-05-06 01:18:31
Sahban Juliadinata,good zoom meeting,5,2026-05-05 23:54:18
Lieelyy Lele,zoom kok sekarang jadi aneh dan menyusahkan ya? tidak muncul fitur background meski sudah di otak atik bahkan mencoba di 4 HP berbeda tetap tidak muncul. NYEBELIN,1,2026-05-05 14:50:25
Mhd Zulfani,keren dan mudah,1,2026-05-05 07:26:19
agung susanto,background belum bisa,4,2026-05-05 05:57:20
Musyda Hadaitullah,mantap,5,2026-05-05 04:46:32
Andika Ngb,mantap,5,2026-05-05 03:12:00
Erik Herianto,mantab,5,2026-05-05 03:08:08
Ncang Sarif,sangat baik,5,2026-05-05 02:46:32
Sunarto Tampan,sangat membantu,5,2026-05-05 02:22:57
Agus M firdaus,maunya diupdate ga bisa,4,2026-05-05 02:15:57
Naila Aulia,Tolong buat lebih aman bagi sistem kameranya,1,2026-05-05 00:34:33
魔王 Aylinn ๋࣭,"backgroundnya pilih kasih, ada yg bisa ada yg kaga",1,2026-05-04 17:16:41
Rabiah Emilia Naroba,terbaik saya menyukainya,5,2026-05-04 13:39:22
Trader Yahut,ok,5,2026-05-04 10:09:08
Resza Fahlevi,"Kalo update dibackground aja, jgn pas mau pake nunggu update beres",1,2026-05-04 08:16:13
herlin datu07,tidak bisa menggunakan background,1,2026-05-04 07:26:06
Frendy Pradana,"tidak ada opsi ganti background, padahal hp saya juga baru",1,2026-05-04 05:50:19
alkha bubun,"kok gak bisa di download, padahal penyimpanan masih kosong",1,2026-05-04 03:39:05
Muchamad Hastowo,tidak bisa join rapat disuruh perbaharui terus ke versib7 namun sudah diupdate tetap tidak bisa,1,2026-05-04 02:42:12
Muh. Daffa varizky,"minimal cpet dong,lama. bgt",1,2026-05-04 01:38:47
Puji Anto,baik,5,2026-05-04 00:45:28
WNKLN,why I can not update this apps,1,2026-05-04 00:35:40
Eddy Chang,buat sekolah tapi waktu gua tulis 2011 di tahun lahir malah gabisa loh ya,2,2026-05-03 03:05:41
isti komah,"bagus banget, rugi kalo ga nonton broo",5,2026-05-03 02:00:30
Naura Nabila,susah mendaftar,1,2026-05-03 01:40:53
EKO PRASETIYO,mantap,5,2026-05-03 01:16:04
kireina ithurindu,sangat susah setiap log in harus nggu kode verifikasi dan dikirim sangat lambat sampai waktu habis,1,2026-05-02 12:35:58
Arya Wijaya. XI.E,"Brother, why? backround is from anyone to anyone else",4,2026-05-02 11:50:46
aulia makarimal Akhlak,bagus sangat berguna untuk saya les,4,2026-05-02 08:36:45
Yohana Martin Pattanggau,Nice,5,2026-05-02 08:33:51
Jamil guede,bg donk. duuh parah. berlangganan pun tetap ga guna. bg ga bsa dipake,1,2026-05-02 05:06:24
Abo Mokoginta,good aplikasih,5,2026-05-02 03:41:21
Agus Isnanto,mantap,5,2026-05-02 03:02:32
Abin dermawan Acang,saya senang banget menggunakan aplikasi zoom sangat mempermudah aktivitas,5,2026-05-01 19:07:00
Muhammad Baihaqi,Gak bisa ganti background,2,2026-05-01 16:12:18
Ainayya Nayya,susah kali masuk ke akunnya,1,2026-05-01 08:34:51
Rizka Deer,"The new update sucks, I can't use the background fiture.",1,2026-05-01 08:05:58
Ichwan Karunia,"buruk sekali privasi nya!!!, beda dengan meet, disini ngga ada setting tutup kamera / mute microphone saat bergabung via tautan!!!!!!",1,2026-05-01 03:04:30
Siti Syarifah,susah masuk zoom,5,2026-05-01 02:24:48
Awang Kelana,nice,5,2026-05-01 02:08:50
Budi Aris,bagus sekali,5,2026-05-01 00:35:24
Kinan Thi,bagus sekali dan saya bisa belajar online,5,2026-04-30 23:25:53
siti chandra widjanantie,great,5,2026-04-30 14:18:30
wismanto setyadi,kadang lama,5,2026-04-30 10:48:09
Hasbullah Ilan,jadi hemat biaya,5,2026-04-30 08:36:15
Azfa hidayat,useless garbage,1,2026-04-30 08:25:06
Hadi Sutomo,bagus,5,2026-04-30 08:22:11
Liferia Alice,"baru saja install, dibuat join malah disuruh update.. klik update diarahin ke playstore gak ada tombol update. kocak",1,2026-04-30 07:14:39
Buka Lombok,Sidah di perbarui kok masoh requared perbarui sih,3,2026-04-30 07:10:26
Dwi Santoso,bgus,5,2026-04-30 06:59:04
aziz budiarto,parah sekarang logout sendiri terus,1,2026-04-30 06:34:25
S Hfz,sekarang di HP udah bisa pakai background. update bagus,5,2026-04-30 00:55:39
Mokhamad Sukamto,so easy clear and thanks,5,2026-04-29 23:41:08
Roda Yani,good,5,2026-04-29 16:57:32
Mariyanto 33,ada apa up date,5,2026-04-29 13:32:59
Daffa Adji,siap baik,5,2026-04-29 13:10:05
Astro,pas daftar akun malah tidak bisa di daftar kan,1,2026-04-29 12:55:32
Nuraini,bagus😊,5,2026-04-29 10:00:00
ryan,"aplikasi yang sangat buruk yang pernah saya temui,jangan pernah di download deh,sengaja saya kasih bintang 5 agar kelihatan",5,2026-04-29 08:30:28
Indra Suzanna Famuji Rahayu,biarkan bintang yang berbicara,5,2026-04-29 06:34:38
Abdul Rahman,puas,5,2026-04-29 01:25:11
Oby Eko Purwanto,"sangat membantu sekali untuk kita yang memiliki mobilitas tinggi dan aktivitas dinamis, dapat hadir fleksible di ruang kerja digital dari mana saja kapan pun dimana pun.",5,2026-04-29 00:48:42
Ratih Purnasari,"Dengan adanya zoom ini, dapat mempermudah beberapa pekerjaan tanpa harus hadir langsung di lapangan.",4,2026-04-28 22:37:28
Ld Syaffari lanuru,ok,5,2026-04-28 16:19:54
Dita Marshila,semoga dengan zoom ini aku bisa ketrima ke pondok buma bantu aminin yaa,5,2026-04-28 11:48:11
sabki marjono,tidak bisa buka obrolan,5,2026-04-28 11:12:09
abdul khoir,sangat penting,5,2026-04-28 07:05:04
Ibrahim Aqiel Aqiel,mantab boss qu,5,2026-04-28 06:10:05
Komarudin Komarudin,Aplikasi Cukup Baik,4,2026-04-28 01:58:28
Johan Kemayoran,ok,5,2026-04-27 13:47:14
Aldo Japri,Gak ada fitur Latar Belakang pas memakai handphone POCO. Jadinya tidak bisa nampilin Latar Belakang sembari aktivitas apapun,1,2026-04-27 12:41:09
Frozz,sudah dow load namun error trus harus,1,2026-04-27 12:27:25
GGR 1990,top,5,2026-04-27 05:49:05
Salim Gassing,keren,5,2026-04-27 03:23:04
Lefrandy Praditya,sedikit2 mucun zoom tidak menanggapi,1,2026-04-27 02:55:34
gunawan ramdani,banyak bugnya tolong diperbaiki,1,2026-04-27 02:14:52
Roni Wulandari,mantaap,5,2026-04-27 01:52:43
Afiqah Azkia,pdhl penyimpanan udh kosong and smua apk dihapus kok gabisa di download yh,1,2026-04-26 23:26:08
Windi Renaldi,tutup aja apk ini udh gk guna,1,2026-04-26 16:46:07
Shinta Usniawati,kenapa sih suka keluar sendiri !!!,2,2026-04-26 14:09:31
Ahmad Zaki,membantu sekali dalam dunia kerja terutama para prkerja yg dinas di luar kota,5,2026-04-26 13:22:41
antomi antomi,sangat membantu,5,2026-04-26 12:10:43
Miralce,mantap,5,2026-04-26 03:36:01
Niit Mursalim,lucuk,5,2026-04-26 02:53:33
Khemal Andryawan,sangat membantu apk ini,5,2026-04-25 15:37:42
ufauziyah 25,ga ada fitur ganti vb,2,2026-04-25 11:39:05
Abdul Basir,Alhamdulillah bisa mengunakan aplikasi ini,5,2026-04-25 08:27:56
SKI_NUR SUKI,bagus,4,2026-04-25 03:00:42
Dianasari Kurman,tidak bisa pakai background,4,2026-04-25 01:14:56
Maksimus Salu,aplikasinya sangat mantap dan membantu,4,2026-04-25 00:47:43
Naufal musyaffa hariyanto,makin update mkin bobrok,1,2026-04-24 17:33:35
Suriyati Tanjung,susah masuk zoom nya selalu saja bermasalah dan tidak sangat mendukung aplikasinya,1,2026-04-24 12:48:36
hasan085 hasan,mantap,5,2026-04-24 12:42:33
Raymond Alexander,aplikasi sampah. google meet jauh lebih baik,1,2026-04-24 11:54:22
Bonsai Estetik,"is a reliable and user-friendly video conferencing app that makes online meetings, classes, and collaborations feel seamless. It offers clear audio and video quality, easy screen sharing, and useful features like breakout rooms and recording. Whether for work or personal use, Zoom stands out as a practical and efficient tool for staying connected from anywhere.",5,2026-04-24 02:56:19
Ainun Fadilla,mantap poll 🙏,5,2026-04-24 02:39:00
Bagus Subroto,Sangat mendukung sekali,4,2026-04-24 01:45:11
Imas Maslihah,luarbiasa,5,2026-04-24 00:46:39
Damaris Sura Rongre,good,5,2026-04-24 00:11:36
Francisco Araujo De Andrade Pereira,bruk atau tidak,5,2026-04-23 12:57:40
30.Rahmat Diono,bagus,5,2026-04-23 11:54:36
Irfan Mr,"balok-balok ketika share screen itu membuat siswa tidak fokus, saya sangat terganggu dg hal tersebut, harusnya dihapus saja fitur itu",1,2026-04-23 07:14:00
Ashadi Siswoyo,Bertahun tahun saya menggunakan aplikasi ini dan sudah menjadi bagian dalam hidup saya,5,2026-04-23 05:20:17
Nursyam syam,Baik,4,2026-04-23 02:18:58
Tuty Herawati,saya pernah buka Zoom dg mudah unt ikuti rapat,5,2026-04-23 00:44:11
revi mendung,sesuai dan suara dan gambar jelas,5,2026-04-23 00:33:07
AmirG,program zoom berjalan dng baik tanpa terputus dengan kualitas suara yg jelas.,5,2026-04-22 14:41:55
Bayu Kurniawan,good,5,2026-04-22 13:42:03
Asiu Yulianita,bagus dan terdengar,4,2026-04-22 12:42:24
Hafidz Exzty,"sudah buat jadwal jam 08.09 eh mulai nya jam 10, sudah di filter seperti itu masih aja gk berubah jam nya, zoom aplikasi aneh",1,2026-04-22 12:27:48
SURATMI SURATMI,bisa gak . gak nyedot kuota . makan kuota gede bgt . sementara harga harga makin mehong . puyeng pala buat ngebaginya .,1,2026-04-22 12:27:01
Xiie Lee Tee,The Best Zoom Workplace.,5,2026-04-22 12:25:43
Arifin,good meeting,5,2026-04-22 12:15:59
hardi Winoto,luar biasa lancar jaya,5,2026-04-22 09:47:44
Agung Sanjaya,suara kecil sekali,4,2026-04-22 07:47:19
family 12,bagus,5,2026-04-22 07:44:20
Makruf Yanto,baik byattttt,5,2026-04-22 06:01:07
Yusef Muldiyana Abah,Terimakasih,5,2026-04-22 04:34:15
Anton Yuwono,lancar sekali,5,2026-04-22 04:33:11
George Soleman Johannes,Ada perbaikan bug.,5,2026-04-22 03:06:20
Radika Raharjo,bagus,5,2026-04-22 01:09:28
ToM TomAAii,"bikin HP panas overheat, semua pada nyala nyedot banget batere",1,2026-04-21 23:10:25
Nur Idham,Sangat pekerjaan,5,2026-04-21 22:37:44
Fathur Ramdhani,nice,5,2026-04-21 18:13:06
Rizaldy Akbar,"sangat buruk, gak bisa ganti background",1,2026-04-21 15:06:16
Joni Putra,sangat baik,5,2026-04-21 14:43:20
Java Jazzy,Fitur ganti background sudah ga ada ya?,1,2026-04-21 11:46:32
Intan Miliyarti Dewi,Tidak bisa di update why why?,1,2026-04-21 08:42:01
Ikhsan Maulana Muslim,di HP infinix kenapa gk ada backgroundnya aneh,3,2026-04-21 07:58:32
Bukhori Ri,apl yg sangat mmbantu efesiensi,5,2026-04-21 06:45:19
Pingkan Momongan,baik,5,2026-04-21 04:04:36
Rifa Zakiyah,zoom ini sangat bermanfaat untuk mahasiswa atau ada acara meeting dalam jarak jauh jadi bisa komunikasi secara online. zoom sangat membantu,5,2026-04-20 14:44:37
Aqila Nisa,bagus Alhamdulillah,5,2026-04-20 14:42:28
Helmi Saqinah EKA,kenapa apk tidak bisa di download padahal ruang penyimpanan di hp belum penuh,1,2026-04-20 11:46:48
Ani Lorensa,"Adain vitur background buat semua android pliss, jadi susah kalo laptop lagi rusak terus ada meeting yg mengharuskan pakai background",5,2026-04-20 11:38:05
Yan War Putra Harefa,tiap x masuk di aplikasinya kadang lelet,1,2026-04-20 06:47:56
Janter22 Pas,lebih baik,4,2026-04-20 00:02:09
Galih Rasendriya Musakib,Aku kan lagi PJJ Aku Butu Zoom,5,2026-04-19 23:52:41
Muklis Jayadi,nice,5,2026-04-19 22:26:43
Verdiana Cindra Gurdi,Tidak bisa di download,1,2026-04-19 20:20:52
Gezha Putra,di instal gagal terus. padahal memori internal masih penuh. mohon di perbaiki 🙏,1,2026-04-19 16:17:01
Cheper Ombak,"tidak bisa pakai fitur bayground nya, payah",1,2026-04-19 09:30:57
Asep Dian Hidayat,tidak bisa memakai kamera,1,2026-04-19 09:22:42
Aulia Putri,zoom tidak bisa di Download di hp saya. padahal di hp lain dengan tipe yang sama bisa. tapi kenapa dihp saya tidak?,1,2026-04-19 05:48:50
Boyz Akhun,zoom bisa,5,2026-04-19 05:37:54
Yohana Wawung,bagus,5,2026-04-19 02:32:07
bayu prasetyo,habis update malah gk bisa on camera,1,2026-04-19 01:55:08
Aby Dinar,Mantap dan terbaik,5,2026-04-18 22:38:21
naa,good,5,2026-04-18 15:10:09
Via,udah join room tapi bagian breakout room nya ga bisa di pencet,1,2026-04-18 11:22:30
Shintia Melliyana,kenapa sih kemeranya enggak bisa berfungsi,2,2026-04-18 11:21:05
Dippos Black,kenapa susah ubah background zoom pada aplikasi di android?,4,2026-04-18 11:00:42
Rmazhari Mertowijoyo,soogod,5,2026-04-18 09:25:03
DausZ DjiTorV,Jujur semakin kesini semakin menyusahkan ini aplikasi,1,2026-04-18 05:33:18
Febrian batubara Batubara,"gak bisa background, HP sekarang udah mumpuni semua padahal",3,2026-04-18 01:58:54
Dewi Wulan Sari,Tidak bisa di instal. Di keterangan dikatakan saya sudah menginstal pada perangkat lain. Hp saya saja cuma satu. Dan saya tidak ada download zoom. Ini kenapa sih. Padahal saya butuh banget pake kamu zoom. Saya banyak webinar dari zoom. Tolong customer service bantu saya download zoom ini di hp saya.,1,2026-04-18 00:20:14
Odis Suryaman,good jo,5,2026-04-17 23:37:13
Ardian Herafandy,lancar,5,2026-04-17 22:36:34
Zul Kipli,2oom workpla...,4,2026-04-17 22:16:29
WILLY AL AMRI,bagus,5,2026-04-17 15:59:05
Lusi 1234,tolong adamin kenapa susah sekali untuk daftar akun meskipun kode verifikasi sudah di masukkan tetap keterangan selalu salah,1,2026-04-17 15:00:08
Citra Puspita,bantu background foto,5,2026-04-17 11:18:57
Fatimah Azzahra,"bagus,jelas memudahkan kita buat rapat sama orang yang jauh",5,2026-04-17 11:01:22
Yuli Hermawanto,Belum bisa instal di hape dan pakai Gimana cara pakai,5,2026-04-17 07:40:42
Trisno Gacor,ok,5,2026-04-17 05:48:45
MunWir Munwir,luar biasa,5,2026-04-17 02:04:54
andrie76,virtual background issue,1,2026-04-17 01:18:35
Dien Amala FS,"marai bandat, bendino zoom terus",1,2026-04-17 01:00:21
Ahmad Rusyidi Ramadhan,kenapa sekarang zoom tidak bisa menggunakan background costume,3,2026-04-17 00:07:42
leo nardo,TDK bisa di instal,1,2026-04-16 14:03:19
Sri Pauray Fahmi,baik dan aman,5,2026-04-16 13:53:33
Fadilah Insaniah,"fitur share screen dibuat kayak di laptop dong. biar pas bagikan layar, kita juga tetap biaa liat participantsnya. kalau bisa adakan khusus bagikan layar untuk apk tertenth aja",3,2026-04-16 12:47:35
Maryam Maryam,membantu dalam meeting kerja,5,2026-04-16 03:27:34
Faya Naura Enggrayni,kenapa sering keluar masuk secara otomatis? padahal masih ada acara di zoom.,1,2026-04-16 02:21:06
Endarmina SE,respon lambat dalam verifikasi kode,1,2026-04-16 02:14:06
Hery Rushdi,bagus,5,2026-04-16 02:02:26
budi janto,suara dan gambar jelas,5,2026-04-16 00:09:13
Kusumah Journey,cakep,4,2026-04-15 23:07:27
Minha Diana,KENAPAA DI HP VIVO SY GAK BISA DOUNLOD APLIKASI ZOOM LAGI ??? DAH ITUU AJAA,5,2026-04-15 13:02:34
Dian Ayani,"kenapa saya tidak bisa daftar, berkali kali gabisa.",3,2026-04-15 10:17:58
Nessa Salsabila Haunan,"wth is happening? after i upgrade it, the crash become more frequent. i have an urgent meeting and gosh it kept on sending me a message that the zoom is no longer responding (crashing). I've already sent the formulir for this problem but still no answer. My device has already been upgraded too. I try restart, refresh, go back and forth to setting but still no clue. The camera won't be open either.",1,2026-04-15 09:02:41
PRIYO RAHARJO,keren,5,2026-04-15 07:50:53
moh zainul arifin,"tidak bisa mengganti virtual background.. pasti keterangannya ""an error occurred"" padahal dulu enak banget aplikasi ini..",2,2026-04-15 04:23:32
Sujiroh Sujiroh,mantap,5,2026-04-15 03:51:13
youdie_ falsu,"ganti backgorund di hp gak semua bisa,,?",4,2026-04-15 02:32:33
Ragil Soleh,terimakasih banyak 👍🏿,5,2026-04-15 01:23:38
Ucup Supardi,terima kasih,5,2026-04-15 01:06:29
Sofian Extrame,baik,5,2026-04-15 00:56:11
Go_ Nay,aku udah sering banget pakai apk ini buat kerjaan atau sekolah dan sangat amat bermanfaat dan berguna bangett asli meeting online jadi gampang banget 😭 love deh buat yang nyiptain,5,2026-04-15 00:47:55
Erna Rumsaur,🙏🥰,5,2026-04-14 23:01:50
Bilal Fayad,sangat bagus bgt..,5,2026-04-14 21:50:16
Dwi Yanti,sangat berpungsi dengan baik,5,2026-04-14 20:49:15
Edi Sudrajat,mantap,5,2026-04-14 13:08:01
Panglima Bara Rimba,Mantap,5,2026-04-14 12:29:29
Vivin Yaved,Sangat membantu proses perkuliahan dan meeting jarak jauh,5,2026-04-14 12:07:03
Rahma Baety,ya karna memudahkan dalam bekerja,5,2026-04-14 10:11:43
joni suwanto,belum bisa virtual background,4,2026-04-14 04:13:28
Arul Indrawan,zoom masih yang terbaik dan masih efektif sampai sekarang. maksimalkan jaringan intinyaa,5,2026-04-14 02:49:52
ferry Victor,Ok.,4,2026-04-14 01:37:15
Hendri Anto,mantap,5,2026-04-13 15:55:30
Bukhari Rahman,baik,5,2026-04-13 12:52:10
Errii,aplikasi gak jelas mau login aja ribet masukin verifikasi padahal udah bener gagal mulu,1,2026-04-13 04:17:51
Saiful Sarifudin,"daftar dipersulit karna kode yang d kirim email gagal trus pdahal sudah benar, ini yang eror email atau apk nya",1,2026-04-12 22:18:45
Duit Jost,ok yes,5,2026-04-12 14:20:27
Daton barker,ok banget tapi AQ gak bisa ganti virtual bacgrund kenapa yaa,5,2026-04-12 13:20:35
Anugrah April,bagus,5,2026-04-12 13:19:55
Sumar Amin,top,5,2026-04-11 12:57:03
Pak Gatot,keren banget kak aku jadi bisa nonton sama temen aku dia baik keren dan suka mengaji biar bisa nonton netplik,5,2026-04-11 11:25:10
Joko Rahmatullah,ini udah gak bisa background dan kameranya gak bisa nyala tolong perbaiki lagi jangan di persulit hal yang udah tidak sulit,2,2026-04-11 08:29:49
surya sandisetiawan,"bagus banget fitur"" nyaa",5,2026-04-11 06:02:39
Rahma Ayudya Rayanti,bug microfon kadang gabisa terdeteksi,3,2026-04-11 03:46:12
Ahmad Mubarok,sangat membantu dalam pekerjaan kami,5,2026-04-10 15:00:05
Elvi Mubarak,"zoom tiba tiba tertutup sendiri, keluar dari zoom",2,2026-04-10 13:38:22
abcd efghijkl,GERAM GABISA DI DOWNLOAD,3,2026-04-10 13:05:04
Anwar,mantap,5,2026-04-10 12:40:42
Abdullah Syarofi,ok,5,2026-04-10 11:51:45
Sulastri 0903,efektif bisa menghemat oprasional,5,2026-04-10 11:31:44
Oktavianus Paelongan,ok,5,2026-04-10 10:14:52
Wahyoe Wicaksono,belum bisa menggunakan gambar dari galeri untuk backgroundnya,5,2026-04-10 09:54:09
Saepudin Fajar,tidak bisa memasang beground,3,2026-04-10 09:32:19
Junaidi Hendi,aplikasi yg sangat membantu untuk t uk tatap muka,5,2026-04-10 09:00:08
A Umar,aplikasi gak jelas mau masuk gak bisa padahal kode verifikasi sudah bener dan tidak kadaluwarsa masih saja salah,1,2026-04-10 07:38:19
Arya Duansyah,"aplikasinya kurang nyaman karena gara""aplikasi ini saya tidak bisa interview karena kamera nya GK hidup",1,2026-04-09 16:36:58
Lusriah,zoom sangat membantu kita semua lebih hemat lebih efektif,5,2026-04-09 13:24:46
Ozi Jack,oke,5,2026-04-09 12:05:49
Rika Wahyuni,ribet hp harus begini begitu,1,2026-04-09 12:02:05
Dapur Dutaria (Hikmah najrun),baik,5,2026-04-09 11:02:41
ganteng guranteng,👍🏻👍🏻,4,2026-04-09 09:49:23
Antonius Napitupulu,ok,5,2026-04-09 07:03:20
Jiffri Putra,Keren,5,2026-04-08 14:31:20
Elisabet Ingan,good,5,2026-04-08 13:02:33
Ardianto Sattu Padang,"Ini makin anehh dan ribett, gimana cara bagi linknya kenapa tdk mauu astagaa😌",1,2026-04-08 09:59:18
Mahdi Sahputra15,luar biasa,5,2026-04-08 05:54:59
brenda wadjo,terbaik,5,2026-04-08 02:55:02
Wendo Danur,kode verifikasi sudah bener tapi ga bisa masuk ada tulisan kode salah padahal kode yg saya tulis sudah benar saya minta cepat di perbaiki,1,2026-04-08 02:46:54
Try Ratmo,Tidak dapat menggunakan virtual background,1,2026-04-08 02:31:56
Ulfa Nur Citra Dewi,sebenernya bagus aplikasinya. aku pakenya lancar dan ga ribet. tapi di HP fitur backgroundnya ga ada. apa harus berbayar untuk dapat fitur tersebut?,3,2026-04-08 02:19:14
Nur Tasya,sangat bagus,5,2026-04-08 01:48:17
MSi. Sutarno,oke,5,2026-04-08 00:46:55
Sufy Aldiantika,ngedownloadnya susah,1,2026-04-08 00:24:53
Salman Al Ihsan,Kenapa aplikasinya tidak bisa terdownload di HP saya,1,2026-04-07 21:57:52
yusuf yusuf,lumayan bagus smg lebih baik lg kedepan untuk perjalanan karir meeting ZOOM 4x pertemuan dalam sebulan🙏🥰💪,5,2026-04-07 14:36:02
Akha Hisyam,apk yg bagus,5,2026-04-07 13:20:41
Uchiha GAMMING,mantap,5,2026-04-07 12:18:39
Niagara Sihotang,sejauh ini masih baik baik saja sih...,5,2026-04-07 07:54:42
Rini Ajah,mantap,5,2026-04-07 05:06:19
Rmky Faza,gam ada kamera aneh banget,1,2026-04-07 03:36:10
Zoepalas,kok pas aku lagi belajar keluar sendiri padahal internet lancar,1,2026-04-07 02:38:17
Hakimul Fikri,zoom bug kamera di hp realme di perbaiki aku susah jadinya zoom mana harus on kamera,1,2026-04-07 01:54:03
Mar Gono,baguus,5,2026-04-07 00:12:34
Jihadatul Ma'ruf,"zoom suara jernih dan sangat bermanfaat untuk rapat yg kami adakan,pokoknya ok dee",5,2026-04-06 21:28:02
Johanes Pasandaran,Fungsional dan bagus,5,2026-04-06 14:41:28
Gunawan M,Bagus apalagi disini bebas waktu belajar dan sekali registrasi seumur hidup Mobile Class mantap,4,2026-04-06 14:18:22
Ade Sunandar,percayalah kalau usahamu tida akan sia sia,5,2026-04-06 13:41:13
Albrin Karuntu,layarnya hitam padahal kamera nya sudah di hidupin,1,2026-04-06 13:33:26
Tk Pgri,lumayan,3,2026-04-06 11:23:12
Nurhilalia “Lia” Yusuf,cukup bagus,3,2026-04-06 10:05:52
Moh. Farhan Musliq Ramadhani,gajelas banget padahal kode Verifikasi udah bener dari email tetep aja salah,1,2026-04-06 09:59:57
grace bunga,Tidak ada fitur mengganti background padahal versi sebelumnya ada bahkan ada fitur center stage tapi kini kedua fitur tersebut tidak ada di versi terbarunya. mohon diperbaiki ya,2,2026-04-06 07:39:03
ALDO_2019,aplikasi baik,5,2026-04-06 06:54:09
sholah Odin,coba dulu,4,2026-04-06 05:10:02
Asriyani Ridwan,aplikasi sangat membantu untuk perkuliahan,5,2026-04-06 01:47:43
Kebuna Rayati H.R,"apa-apaan sih? kenapa harus ada ketentuan umur. saya bahkan wktu itu ada zoom yg dilaksanakan kurang lebih 30 menit lagi, sedangkan saya masih berusaha buat log in ke aplikasi zoom, tapi malah gabisa2. ayolah, jangan apa2 terpaut ke umur bukan gimana, tapi saya susah buat ngubah tanggal lahir di google. bahkan sampai detik ini masih gabisa log in ke aplikasi zoom.",1,2026-04-05 11:44:56
naila safa salsabila,"virtual bg nya rese, bagus versi kemarin",3,2026-04-04 13:27:40
Cantik Anisa,baguss lengkap,5,2026-04-04 12:32:50
Edy Suratno,lancar tanpa deley,5,2026-04-04 08:06:34
An inan,sangat membantu sekali. Trimakasih,5,2026-04-03 14:15:31
Dede vania Clarisa putri mulyadi,good,5,2026-04-03 11:58:47
Kasirun,baik,5,2026-04-03 05:39:45
Hetty nur63,Fitur-fiturnya menarik perhatian.,5,2026-04-03 04:29:19
Rid One,"mantap, and the best",5,2026-04-02 23:42:21
Tulus Prasetiyo,bagus,5,2026-04-02 23:36:20
Shiska Kharla,"kurang bagus, tidak bisa mengganti background",2,2026-04-02 23:27:13
joana topooh,Sangat bagus dan membantu,5,2026-04-02 13:44:48
Fenny Ika Saputri,Zoom Workplace Ya,5,2026-04-02 11:29:05
Bintang Fajar,Kameranya tdk berfungsi,1,2026-04-02 07:54:31
bara ramadewa,keren,5,2026-04-02 06:00:42
LNH,"fitur background aja dibikin kasta kasta an brow,,oke lah klo daring nya g wajib pasang background khusus. berkali"" join daring zoom di kick admin nya karena g ikut aturan,suruh pasang dulu background,y klo laptop g mendadak rusak sih g ada masalah bisa zoom di laptop, sedangkan di hp g bisa cuma gegara urusan background doang",1,2026-04-02 02:57:22
Fahri Sr,susah bgt masuk nya,1,2026-04-02 01:46:56
Meity Tangkilisan,"mengapa sering putus, apakah karena hujan",3,2026-04-01 13:11:55
Dian Damayanti,sangat penting,5,2026-04-01 09:32:39
Johni RUN Purba,My Android phone can't adapt this app,3,2026-03-31 23:29:07
Asna Emilia,menghemat,5,2026-03-31 18:28:01
Riko Andrian,bagus,5,2026-03-31 13:08:30
Farhan Fatur,Joss pokok e👍🏻,5,2026-03-31 13:08:16
Oma Subang,"kembalikan aplikasi ini karena saya sudah membelinya,,,anak saya yang kecil menghapus semua aplikasi yang sudah di install.",4,2026-03-31 09:00:16
Irwan Benu,aplikasi nya sangat baagus dan bermanfaat,5,2026-03-31 03:47:06
Herijuli Iyiy,"bug bego kluar"" sendiri gjls",1,2026-03-31 03:38:47
Agil Pakaya,hp yg versi dlu TDK bisa zoom paya paya,1,2026-03-31 02:56:28
Fahmi Alfarizi Eem mabsutoh,trimakasih,5,2026-03-30 23:17:09
Qumri Rohman,top markotop,5,2026-03-30 22:57:52
Arjuna Rimba,ok mantap,5,2026-03-30 17:01:54
Rafael Crishto,untuk saat ini saya kasih bintang 5,5,2026-03-30 14:41:12
khamid rian,good,5,2026-03-30 11:33:33
Imadecola Inamori,Tolong buat Zoom versi lite. karena saya hanya butuh mengikuti meeting saja tanpa memerlukan banyak fitur,3,2026-03-30 10:54:25
Mulyana Yana,susah di download,2,2026-03-30 03:56:41
Ayu artika Manullang,"udah on cam, tapi wajah kita tidak terlihat malahan hanya layar hitam aja.",2,2026-03-30 00:44:02
Muti Yuli,lumayan memuaskan,4,2026-03-29 03:29:54
Adhy P.,berguna untuk rapat online,5,2026-03-29 02:34:39
Zae Lani,"Suka download"" paket emoji gk jelas ngabisin paket data 😭",1,2026-03-28 12:50:56
ALIFIA BERKAH CHULASOH,udah downlod malah balik lagi suruh download lagi.. berkali2.. gagall terusssssss.. aplikasi apaan sih,3,2026-03-28 02:04:35
gusti mangku,bagus,5,2026-03-28 00:47:34
Puguh Santoso93,kenapa kemera di vedeo tidak bisa aktif padahal semua pengaturan video sudah aktif tpi gk bisa aktif,5,2026-03-27 01:22:44
micha,"layar nya hitam semua padahal kamera on, gimana coba, sudah saya perbaiki semua tapi sama aja gaada perubahan, udah saya uninstall dan install lagi tapi tetap saja layarnya hitam",2,2026-03-26 23:40:36
Strawberry Banana,membantu dalam melakukan meeting daring untuk pekerjaan maupun pendidikan. kegiatan non formal juga bisa. sayangnya fitur latar belakang pada device smartphone tidak semua menyediakan nya,4,2026-03-25 16:11:17
Muhammad Rizky,👍🏻👍🏻👍🏻,5,2026-03-25 13:55:11
rcie aza,"sangat mudah dipakai,nyaman dipakai untuk acara pertemuan online",5,2026-03-25 13:31:14
Pemuda Kesemutan,so goooood,5,2026-03-25 11:46:35
Cholida Umam,bagus dan konsisten,5,2026-03-25 07:16:10
Andra FEBRIANDA CLEVERDO PUTRA,ini kenapa Ling nya tidak muncul setelah di bagi kan atau di copy,1,2026-03-24 23:43:07
onlay laia Laiadulu,saya ingin Belajar untuk bergabung,2,2026-03-24 12:11:02
Marsya Elya,"saya tidak bisa memasang background, aplikasi ini sangat pelit dan memandang tipe hp😡",2,2026-03-23 23:56:02
rahman putra,Gajelas loe 🗿,5,2026-03-23 12:13:09
Abdul Azis,zoom memudahkan saya berkomunikasi dengan org² jauh di sisilain aplikasinya pun mudah di pahami anak muda maupun org sudah lanjut usia,5,2026-03-22 01:34:53
Cici Tesa,"Sangat membantu untuk meeting online. Kualitas video dan audio jernih, dan fiturnya lengkap untuk belajar maupun kerja.",5,2026-03-21 12:44:44
Teungku Razy,Byk dapat ilmu pengetahuan... dan silaturahmi...,5,2026-03-20 04:33:20
Hasniati Hasni,"sangat the bestlah, pekerjaan kantor atau rapat lewat online semua bisa dengan apk ini... makasi zoo.",5,2026-03-20 00:38:35
Lyndha Olshop,"Minta update, m-mulu HBSin kuota.. otw hapus atuh•!🙏🥺",1,2026-03-19 04:15:13
Sofyan Afief nst,sangatt jelas n bermampaat,5,2026-03-19 03:35:50
anjar wibisono,bagus,5,2026-03-18 21:16:03
Began Beben,lumayan bagus,5,2026-03-18 14:52:10
dennys,malasih ya,5,2026-03-18 10:11:49
muh Hidayatullah,tidak bisa ganti virtual background,1,2026-03-17 16:06:35
Nikeyla Saridewi,berfungsi buat meeting atau homeschooling,5,2026-03-17 08:39:22
Carti,bagus dan berguna,5,2026-03-17 08:13:23
Marchela Darammang,Baru Banget Di update sementara zoom tiba-tiba layar kamera saya jadi hitam dan sudah mencoba semua cara perbaikan tapi kamera saya tetap hitam... katanya perbaikin bug tapi pas udah update malah jadi bug parah!!!,1,2026-03-17 06:42:06
Muliani Ermurni,terkadang suara nya jelek,4,2026-03-17 04:46:09
Fauzil Adzim,banyak tanya saat masuk nya bikin ribet saja knp tdk login akun saja buat menjalan kan ini aplikasi kan senang,1,2026-03-17 02:15:05
muggiexyz,a very useful application without any problems that always helps me during work meetings and has a screen sharing feature that really helps presentations in meetings and what's better is that it has a minimalist design and a unique name.,5,2026-03-17 01:40:01
4 N D R 3,coba dulu y,5,2026-03-16 18:57:58
Martinus Pattiwael,Sangat baik,5,2026-03-16 14:37:00
Angie Karinda,"saat mengaktifkan video, gambar tidak ada, hanya berwarna hitam",2,2026-03-16 13:47:00
Rosa Pakpahan,"ini kenapa sih mesti saya sudah izinkan kameranya, tapi tetap aja kameranya nggak bisa dipake dan malah jadi layar hitam",1,2026-03-16 07:19:56
arif rahman al falah,ok saya nyaman,4,2026-03-16 06:08:49
ilhamagr Skyyシ,background nya plisss bisa di semua hp,1,2026-03-16 03:57:07
Oberlin Hulu,bagus,5,2026-03-16 03:16:32
budi daya,Bermanfaat,5,2026-03-16 03:04:49
Usun Uman,uji coba,5,2026-03-16 01:52:11
Aulia Dwi Ramadhani,"saya kasih bintang 5 supaya di notice, ini setiap saya mau gabung rapat selalu ada pemberitahuan pastikan koneksi internet ada dll dgn kode 5003, padahal saya menggunakan wifi atau pun data saya aman saja tapi selalu begitu, tolong dong di perbaiki apk zoom sgt penting bagi saya untuk kuliah",5,2026-03-16 01:36:00
Guns aja (Maji),baik,5,2026-03-16 01:13:17
Abdul Azis,sangat baik,5,2026-03-16 00:22:00
Davina Putridwi,katanya yang zoom ini tidak kompatibel di hp saya👎🏼👎🏼👎🏼👎🏼👎🏼,1,2026-03-15 12:44:55
Maulida Silvia,"aplikasi luar biasa,fitur lengkap anyar muka nya,dan performa cepat",5,2026-03-15 11:11:20
Argo nur Wibowo,virtual background tidak berfungsi di beberapa perangkat,4,2026-03-14 21:15:29
Nur Hasanah,Nice,5,2026-03-14 20:50:37
Adrian Narasoma,aku gk bisa login pas mau log in di bikin muter muter jelek aku gk berharap aku pakai zoom lagi,1,2026-03-14 06:50:39
Artara Sulut,lancar tanpa putus,5,2026-03-14 04:00:26
Zakia Maghfirah Rayyana Saragih,kamera saya semenjak saya pakai aplikasi ini tidak bisa terbuka jadi susah klw kuliah,1,2026-03-14 02:35:53
Dedi Fahman,zoom ga berfungsi di perangkat saya,1,2026-03-14 00:55:54
deni abdurahman,mantaap,5,2026-03-14 00:19:13
Windo Ag,mantab,5,2026-03-13 13:48:34
Hendro Hukunala hendro,sangat bagus,5,2026-03-13 13:31:01
Dimas Antonio,gabisa ganti background,2,2026-03-13 08:22:41
Indra Abdy,bagus,5,2026-03-13 07:54:42
11.4_26_sebastian suyitno,mantap sekali keren sangat berfungsi dan berguna untuk para pelajar dan para pekerja jarak jauh,5,2026-03-13 07:24:29
Pemiron Gire,bagus wa,5,2026-03-13 07:01:26
Fajrihermansyah fr,kenapa kamera saya ngak bisa konek ke aplikasi ini sebelumnya bisa,2,2026-03-13 06:30:30
Andi Gilang,terlalu banyak zoom... waktu habis hanya untuk zoom...,1,2026-03-13 04:21:20
JamaL GG,hmmm brettt,5,2026-03-13 04:06:21
Ifanali Rachmat,Sangat bagus,5,2026-03-13 03:26:19
Farhan Pbl,gak bisa background,1,2026-03-13 02:33:31
Eskor Koraag,good,5,2026-03-13 02:23:06
Sepri Yansyah,kenapa setelah di update susah sekali untuk masuk mohon di perbaiki,4,2026-03-12 15:14:42
Juliyus Saputra,kurang Cepat Loading,1,2026-03-12 13:50:44
ahmad saripudin,good,5,2026-03-12 13:31:03
Adel Kariam,tolong diperbaiki bisa dipke semua diandroid🙏🙏,1,2026-03-12 13:16:14
Mhd Sailor,baik,5,2026-03-12 06:06:11
Iwan Efendy,kenapa ini daftar ndak bisa apalagi masuk ke meating?,1,2026-03-12 05:39:21
Nangimatul Mukaromah,tidak bisa oncam padahal udah di aktifin cameranya tolong dong diperbaiki kalau bgini mau zoom kuliah susah 😭,1,2026-03-12 03:47:19
611_ Ilham Dwi,tidak ada fitur background nya,1,2026-03-12 03:26:30
Bani Sader,Mantapp,5,2026-03-12 03:13:51
Nison Yigibalom,ok,5,2026-03-12 03:13:03
Yoyok Wartoyo,sangat Bagus,5,2026-03-12 02:06:33
kaylaa,sendiri saja,5,2026-03-12 01:20:49
najwa cell,Bagus banget dan sangat membantu,5,2026-03-12 00:49:11
Achmad Taufik,lumayan,4,2026-03-11 17:19:59
Djati Handoko,sering ikut jarak jauh,5,2026-03-11 13:05:14
Rudini Alfarizi,maaf saya belum punya pengalaman tentang itu,1,2026-03-11 10:22:38
nur choles subeni,mantab,5,2026-03-11 09:46:39
Yud Hans,"Ga jelas fitur2 yg sekarangnya, agak ribet, dan ngebug",1,2026-03-11 08:45:33
Selfi Septiani,Boleh la,4,2026-03-11 08:05:48
Dila Ardelia,susah d install,1,2026-03-11 07:14:13
"Wiyono, S.Pd.SD.",ok,5,2026-03-11 06:56:06
SALMAN Alfarizy,oke,5,2026-03-11 06:04:13
julkifli Abas,nice,5,2026-03-11 05:20:56
sinta wati,zoom ini kenapa yaa? kok microform nya gak aktif padahal gak saya mute lhoo,4,2026-03-11 04:53:09
Noor Alfiandi,wawwww sekaliii,5,2026-03-11 03:33:47
Mustofa Satria,pasilitas untuk berkomunikasi yang baik,5,2026-03-11 03:27:17
Wafa Azizah,"kenapa yh waktu zoom kamera aku tetep gada gambar, padahal udah disetting juga tapi tetep gada",3,2026-03-11 01:45:47
Hendri Yanto,sangat baik dan membantu sekali... 👍,5,2026-03-10 17:17:21
Va_ Thony,Bermanfaat dalam dunia meeting room via online.,4,2026-03-10 16:15:44
Qeiza Lavella Kairen,zoom yang bagua,5,2026-03-10 15:11:48
Desta Rahayu,tolong dong kenapa saya gk bisa download saya butuh untuk zoom malem ini,1,2026-03-10 14:40:41
Dionisius Agus Puguh Santosa,keren,5,2026-03-10 11:35:28
Pande gede surya putra Bratama,repot kali mau login doang buat zoom isi masukin data segala macem,1,2026-03-10 10:21:34
Putri Mahelda Pangaribuan,aplikasinya mudah du igunakan,5,2026-03-10 06:57:26
rah's,tidak bisa mengikuti rapat . aplikasi tidak bisa dipakai,1,2026-03-10 06:21:49
Sanusi Uwes,baik,5,2026-03-10 05:37:19
Aidaa Juwairiyah,gabisa ganti backgroundnya,2,2026-03-10 05:13:12
Rendi Feriyadi,good,5,2026-03-10 04:40:22
Darta,sangat membantu,4,2026-03-10 03:22:23
Benny tho,tidak bisa mengubah latar belakang,3,2026-03-10 03:06:44
SMAN 2 KOTAAGUNG,OK,5,2026-03-10 01:19:23
Rosyidinn Rosyi,mantap dengan aplikasi ini,5,2026-03-10 00:52:57
Hartawan Syukur,pokoknya mantep,5,2026-03-09 22:54:25
desvi nurlinda,"kenapa kamera saya hitam , tolong di perbaiki aplikasinya, kamera on, udh keluar masuk akun, ttp GK bisa",1,2026-03-09 15:21:49
Andy Afis,ini aplikasi kenapa ga bisa on Kamera ya ?? padahal semua sudah diizinkan utk on Kamera,1,2026-03-09 13:57:55
ary lestari,"Sebenarnya mau kasih bintang 5 tapi karena tidak bisa ganti foto lagi dan profil tidak terlihat diaplikasikan jadi 3 dulu, mohon diperbaiki kembali.",5,2026-03-09 09:36:40
ARIELDO,"cameranya hitam download ulang udah, semua udah saya lakukan tapi apk ini sungguh mencewakan, kuliah saya terganggu gara gara kamera hitam",1,2026-03-09 07:37:29
Holis abdul,kamera kgk bisa dinyalakan,2,2026-03-09 06:39:27
alpacino ivan,good,5,2026-03-09 06:21:15
Fischl “Prinzessin” Von Luftschloss Narfidort,kadang ga bisa login padahal paketan ada,1,2026-03-09 05:42:38
Rezky Martha Amalia,ampun donwload nya susah banget padahal penyimpangan masih cukup tapi notifnya karena penyimpanan gak cukup,1,2026-03-09 02:18:42
Wira Prawira,kek gimana kode Verifikasi salah mulu tiap dimasukkin,2,2026-03-09 01:31:16
Merry Toineno Toineno,mengapa aplikasi Zoom tidak Bisa di Instal Saya sdh coba beberapa Kali tapi tetap.Saja tidak Bisa,5,2026-03-09 01:10:39
Ambrosius Jasson,bagaimana cara berlangganan,5,2026-03-08 23:17:43
sortha,"Zoom suara jelas, Terima Kasih🙏",5,2026-03-08 16:36:06
Anne Velinda,ngelag saat buka chat/obrolan jadi bgmn? TDK bisa di buka chat/obrolan nya,1,2026-03-08 09:57:37
Arsyadea Khairunnisa,"Gagal login terus, jelas' kode yg dikirim di email sudah sesuai, tapi tetep ga bisa masuk. heran, aplikasi seproblematik ini masih bnyk yg pakai",1,2026-03-08 08:13:54
husnur rosyidah,"Dengan zoom meeting, akan menghemat banyak biaya. Kita bisa memperoleh berbagai macam pengetahuan dan juga pengalaman tanpa harus berhadapan secara langsung dg nara sumbernya. Keren banget pokoknya",5,2026-03-08 04:34:16
Vito Dimas,"selalu tidak bisa menggunakan fitur background, bahkan setelah saya agnti devicepun tetap tidak bisa",1,2026-03-07 21:43:31
texas30 Xas30,ok,5,2026-03-07 20:18:12
Hyzen,ga bagus,1,2026-03-07 17:12:25
Debby Paais,ok. klu bisa dikasih yg gratis,5,2026-03-07 10:30:38
sri diany,mantap sangat membantu,5,2026-03-07 05:32:47
Suparman Razak,Sangat Baik Di gunakan dalam Keperluan Rapat,5,2026-03-07 03:25:28
Razzan Uns,tidak bisa ubah background di HP,1,2026-03-07 03:01:05
Lukman Hakim,good,5,2026-03-07 01:15:50
agnes wahyu setya ratri,enggak bisa dibuka di sembarang perangkat HP,1,2026-03-07 01:10:04
Ilham Akbar,ok baiiiiikkk,5,2026-03-06 21:50:54
Raswen Raswen,hari ini jaringan sangat bagus. terima kasih,5,2026-03-06 15:05:09
Muh anwar kamil Anwar,ok,5,2026-03-06 12:24:21
SLAMET SUBAGYO,baik,3,2026-03-06 06:38:35
Junaidi Edi,lumayan sulit,5,2026-03-06 04:37:54
althaf dainrifqi adiwidya,mana tanda plusnya,2,2026-03-06 02:53:09
Isna Alib GKN DPD KalSel,memudahakn saya untukmikut rapat melalaui zoom,5,2026-03-06 01:57:30
Abd Rahem,"Gajelas ni aplikasi tiba"" banget mau buka ga ada internet padahal jaringan gw lancar pakai device lainpun normal",1,2026-03-06 01:08:52
Miharja Abah,Alhamdulillah zoom bisa membantu kegiatan bersama walau terpisah jarak😊,5,2026-03-05 23:52:28
Wira Dhio,good,5,2026-03-05 08:33:36
AIKK Official,saya menggunakan zoom di Windows audio tidak ada padahal aku ngobrol pakai discord aman audio saya dan saat lihat share screen tampilannya rusak,1,2026-03-05 07:13:39
As'adah Hanan,memudahkan kita untuk berinteraksi,5,2026-03-05 07:04:32
kalfven,keren,5,2026-03-05 06:40:43
Aitzah,"Tolong dong fitur background nya di ini in, apa namanya.... di itu in lah pokoknya",1,2026-03-05 06:20:34
Mas Atmaja,terimakasih,5,2026-03-05 03:31:24
promkesds 2022,membantu untuk proses pertemuan online,5,2026-03-05 02:13:29
Egidius Siku seran,bagus untuk di pakai,5,2026-03-05 02:11:47
Rizky Tentacles,app bagus utk vc meeting,5,2026-03-05 02:07:04
Jafri Zamzam,mmantaap,5,2026-03-05 01:09:02
Anas Askia,Keren,5,2026-03-05 01:00:03
Syahputra Dian,teman aplikasi yang sama ada virtual background knapa saya tidak,5,2026-03-05 00:49:26
Laode Karman,tidak bisa pakai virtual background,1,2026-03-04 22:57:11
Ashar,Aplikasi samgatt membantu untuk meet virtual,5,2026-03-04 20:16:58
Jelita S,"ga tau ya, cuman dipake sekali, tpi okelah cukup nyaman",4,2026-03-04 17:27:56
Aldi Salatun,"mau tanya kenapa aplikasi zoom ini kameranya tidak menyala, padahal sudah di izinkan smua tpii tetap tidak menyala kameranya tolong di bantu🙏🏻",3,2026-03-04 15:26:23
Owen Jayapura,bagus 1000%,5,2026-03-04 14:27:54
Adhy Rotinsulu,oke,5,2026-03-04 09:26:14
Muhammad Rafi Armiasa,bagus buat meeting saya suka aplikasi zoom ini 🎭,5,2026-03-04 08:42:46
Sasmi Syamsuddin,aplikasinya tidak bisa ter-Download. aduhh..,1,2026-03-04 07:19:58
Ridwan Ridone,"Bagus, mudah di gunakan dan sngat membantu",5,2026-03-04 06:57:41
Nurul Elvina,gk bisa ganti bacgroun padahal sekarang di haruskan mengganti bacgroun,3,2026-03-04 05:50:09
Annisa Bahasyim,backgroundnya gak bs dan camera tidak bisa juga muncul gambarnya,1,2026-03-04 03:04:36
Ririn Rahmawati,aplikasi sangat penting buat saya. kegunaannya sangat besar,5,2026-03-04 02:51:31
Maharani eka putri,kamera nyo dk biso dibuka ... atau ada update baru zoom nyo,1,2026-03-04 02:35:45
Warsono Vivoy18,"sy kasih ranting 5, dan harapan sy agar zoom lebih baik lagi kedepanya, biar g putus""",5,2026-03-04 00:27:35
Qudrotul Fadilah,"Hp lawas sekarang UDH GK BISA YA GESS. ini developer udh gak mikirin Os lama Android 8.1. sekarang hp lawas udh gk bisa download karna gk kompatibel. masa harus ganti hp demi satu aplikasi doank ? menyusahkan pengguna hp lawas, padahal semua agenda sekarang kalo meeting selalu pake zoom.",1,2026-03-03 22:14:22
Rachel anindy437,"selalu bermasalah pada bagian virtual background, tidak bisa menambah background dari perangkat sendiri",1,2026-03-03 08:43:27
devid clerifachnidi,mantap,5,2026-03-03 03:45:57
Syai bah,bagus aplikasinya unk belajar onlen,5,2026-03-03 00:17:06
Dodi Bolla,"bug tidak bisa buka kamera saat zoom, layarnya gelap padahal kamera sudah on... hp realme c51s",1,2026-03-03 00:05:22
Sitti Nur Haffida,please add background feature on android..,2,2026-03-03 00:02:47
491_Elza Meyda,"sekarang kenapa tidak bisa ganti BG? minta tolong🙏🙏, fitur ganti background ada kan di semua perangkat terutama di hp ANDROID, dulu bisa tapi kenapa sekarang malah tidak bisa?, saya kesulitan saat rapat² yang mengharuskan memakai background, apalagi kalau misalkan saya/orang lain sedang tidak bisa memakai laptop (sedang di luar(tidak membawa laptop), rusak/tdk memiliki laptop) dan mengharuskan memakai hp, terima kasih atas perhatiannya🙏",1,2026-03-02 15:25:15
Baskara Adhita,"tolong dong kalo bikin update jangan yang nyusahin. masa ganti virtual background pake file yg kita punya sendiri aja nggak bisa, malah maksain yg dari app aja",1,2026-03-02 15:07:49
Rahma Nabiilah,kamera zoomnya kok gak bisa yaa gimana caranya biar bisa on camera di zoom,3,2026-03-02 12:29:45
FAHMI GH,"Kamera tidak berfungsi walaupun sudah aktif, sudah di install ulang dan masih tidak berfungsi juga",1,2026-03-02 07:33:19
Jordan Wuling,ok,4,2026-03-02 07:00:58
Mahyudin Yudi,bagus,5,2026-03-02 05:19:02
Fiana Jayadi,Bergabung dengan zoom sulit. akhirnya lihat you tube yg mudah.,5,2026-03-02 05:04:02
elssa Yunitta,pas oncam tdk dilihat sama perangkat lain,1,2026-03-02 03:36:28
Muhammad Fateh,bagus sinyalnya,5,2026-03-02 02:03:33
arman syah,"woi gw pengen login, kode email nya udah bener kok nggk bisa login apk dongo",1,2026-03-01 23:18:32
maan Chan,okok,5,2026-03-01 15:19:43
Ramlah Basrih,baguss buat belajar dari pengalaman baruu,5,2026-03-01 10:38:40
Nasikin Joko purnomo,mantap,5,2026-03-01 07:08:15
herli anto,"aplikasi ampas, minta update terus, memakan banyak data🤬",1,2026-03-01 03:09:47
Inriyani W.S,tolong tambahkan fitur membuat breakout room dari tablet dan hp,4,2026-03-01 02:04:13
Mu'ad Roziqin,iyes,5,2026-02-28 14:09:47
Raden Andalas,terima kasih atas konpirmasnya dan aku bersyukur Alhamdulillah mudah2an fositip panjang umur dan hidup bahagia selamanya Anogerah berlimpah limpah limpah terwujud kepadaku skrg jugak Aaminnn yerobebb FOLLOW 🤲🤲🤲🤲🤲👍👍👍👍👍❤️❤️❤️❤️❤️👍😭🥰🥰🥰🥰 Aaminnn,5,2026-02-28 13:22:02
Mariano Luahomar Soares,VERRY GOOD,5,2026-02-28 12:37:36
Umy Leha,mengapa akhir2 ini sya tidak bsa oncame semua setting aplksi dan izin aplksi serta izin camera ny sudah,1,2026-02-28 11:57:17
sada haluma,"Mudah dioprasikan, nyaman,anyak vitur",5,2026-02-28 09:03:05
Siti Nabila,kenapa aplikasi zoom ini tidak bisa di download di hp saya,1,2026-02-28 08:37:18
Melky Melky,agak bagus,2,2026-02-28 04:56:03
Move Chanel,"sudah lumayan bagus, hanya sangat mengecewakan tidak dpat mengganti background.",1,2026-02-28 04:51:01
Ayu Sasmita,bagus sih tapi nggak bisa ganti virtual backgroundnya di hp redmi not 12 🥲 apa lagi nggak ada leptop,2,2026-02-28 02:44:06
Tamzil Uncu,mantap,5,2026-02-28 01:01:59
Sri Sukmawati,kenapa kamera blank padahal izin udah diberikannn????!,1,2026-02-28 00:44:57
Maurini,gak suka karena aplikasi ini memudahkan kuliah/seminar online🗿,1,2026-02-27 19:17:55
Ghazi Hilman,ternyata sekarang tidak bisa ganti background. sy kira sy saja yang begini atau kurang tau caranya ternyata emang tidak bisa,1,2026-02-27 15:35:31
Tri Ang l,sangat membantu tuk meeting online,5,2026-02-27 14:34:24
Masturi “Masturi Achmad” S.Pd.I,mantap,5,2026-02-27 09:10:40
Suardi Ardi,Baik,4,2026-02-27 02:29:27
lusni tampubolon,baik,5,2026-02-27 02:17:53
SAHRUL,keren,5,2026-02-27 01:36:29
Rachmat Sahur,good,5,2026-02-27 00:48:47
Amirsan Gea,ini kamera kok gelap aja ya ga menampilkan vidio saya,1,2026-02-27 00:48:20
fendi pradana,"setiap pindah aplikasi, zoom out. di Poco M7",2,2026-02-27 00:31:38
Masanah,"audio jelas,visual terang,pokonya bagus apl nya",5,2026-02-26 23:11:40
Andre Asmara,ok,5,2026-02-26 19:29:41
Dimas Budi Pangestu,"sampah, susah banget gini Mulu ${gabungRapatUrl}",1,2026-02-26 16:16:28
Fitra Ardiansyah,sangat seruju,5,2026-02-26 07:46:07
suripto manukerto,Good,5,2026-02-26 07:33:28
Novi Sanjaya,"kamera tidak bisa menyala , padahal sudah di izinkan",1,2026-02-26 07:26:41
Abdul Salam Ghozali,Bad performance...,1,2026-02-26 07:22:34
Fan Parado,bagus sekali apk zoom utk kegiatan rapat dll,5,2026-02-26 05:50:09
Al akbar abdul,ok,5,2026-02-26 04:35:29
khairunnisah -,sangat membantu kami yang kuliah sambil bekerja,5,2026-02-26 04:10:50
Zalfa Ashilah,"audio tidak ada,ga ada suaranya",1,2026-02-26 04:02:12
Timar Sembiring,sangat paham,5,2026-02-26 03:56:14
Qomar Udin,membantu sekali dalam keadaan darurat di luar kantor pun masih bisa membahas Rapat di Miting zoom,5,2026-02-26 02:40:58
duddy pribadi,keren,5,2026-02-26 01:43:49
Oka Suebu,good,5,2026-02-25 10:59:33
Wirawan Ade,saya tidak tahu kenapa tidak bisa instal aplikasi ini...!!!,1,2026-02-25 07:46:11
•Gusmah•,"layar zoom saya hitam semua padahal kamera aktif. Mungkin ini waktunya zoom bangkrut. padahal tahun sebelumnya masih aman. percaya gak percaya aplikasi yang bermasalah kayak gini, paling beberapa tahun kedepan bakal sepi.",1,2026-02-25 04:58:52
Suratman Sahid,bagus,5,2026-02-25 04:37:16
Nurul Magfira,"Ngeselin banget, udah download beberapa kali tapi nggak jadi. padahal ruang penyimpanan juga aman"" aja. kenapa nggak jadi Mulu sih?",1,2026-02-25 02:48:52
Hendri Wijayanto,oke terimakasih,5,2026-02-24 22:57:44
Marlyn Aling,very good,5,2026-02-24 22:31:55
Moritan lambei,verry good,5,2026-02-24 12:02:00
MPid P5K,luar biasa menambah ilmu,5,2026-02-24 08:44:08
Yonatan Kristianto,terbaik,5,2026-02-24 06:46:59
Haris Faqbas,bagus,5,2026-02-24 05:56:58
mbah tolang,sangat membantu,5,2026-02-24 05:41:24
Bintang Nurul,JELEKKK KAMERANYA KENAPA GABISAAA,1,2026-02-24 05:20:20
I Nyoman P. Miasa,sangat bermanfaat,5,2026-02-24 03:47:18
Andri Setiawan,gk bisa ganti background,1,2026-02-24 03:30:10
Googoleco Gogo,ok bagus sekali,5,2026-02-24 02:59:24
Nhaysilla Sandra,"2021 apk ini bisa saya down di hp saya, skrng malah gabisa katanya hp ini gabisa install apk ini nyusahin bgt, udh coba masuk di browsr pun ttp gbsa, pdhl dlu jg bisa ribet banget",1,2026-02-24 02:38:09
Hotma Vizta,ok,5,2026-02-24 01:26:25
Hamzah Sengeti,sangat baik,5,2026-02-23 21:36:49
Chitra Fakhirah,"sumpah ni apk ngeselin, ramadhan ini gw kuliah daring trs gw coba idupin kamera eh malah kamera gelap, gmn dong ini?😞 udh gw aktifin semua kamera tp ttp aja😞",1,2026-02-23 20:33:34
Rifda Nurul Azmi,makasih aku terbantu buat kuliah,5,2026-02-23 17:30:49
Muhammad Indra,bagus dan efektif,5,2026-02-23 13:41:36
Beta Rahmatika,punyaku tak bisa ganti background 🥲,2,2026-02-23 08:39:39
Andriani Johar,Aplikasi yg sangat bermanfaat.,5,2026-02-23 07:36:00
Jeny Syafira,👍👍,5,2026-02-23 07:00:55
SMA NEGERI 2 KLATEN KAB. KLATEN,kamera gagal dibuka. saat zoom dibuka. indikator kamera berkedip namun langsung mati. diminta untuk menonaktifkan apl lain sedangkan apl yg berjalan hanya zoom,2,2026-02-23 06:52:44
erdian wirajaya,ok mantap,5,2026-02-23 06:14:30
Jumaat Paparo,Mantap 👍🏻100%,5,2026-02-23 03:48:06
Rian Safiri,dihpku gak muncul untuk filter karakter gitu,4,2026-02-23 03:38:14
ABU JOEL CHANNEL,Kami lagi Cari Informasi dan belum mantap untuk mengevaluasi nya.,4,2026-02-23 02:37:57
taufik hidayat,Ok,5,2026-02-23 02:02:14
Juniaman Saragih,mantap,4,2026-02-23 01:51:44
Gede Sumandi,ikut meeting visitasi Dirjen Bimas Hindu Kemenag RI. Pengalaman pertama zoom meeting via Zoom Workplace. Perlu belajar lebih intensif lagi. Semoga lancar.,1,2026-02-23 01:32:12
hartono renot,bagus,5,2026-02-22 21:12:45
Sadiyah,trimakasih sangat bermanfaat,5,2026-02-22 18:37:47
Athen Girl,sangat baik hanya kadang2 sinyal ter putus2 tidak terus menerus,5,2026-02-22 17:03:09
puspa astitibakti,tidak bisa ubah background khusus di hp,3,2026-02-22 05:42:37
pilar adi,ok,5,2026-02-22 04:00:22
Fery Hasan Harsono,Mantap,5,2026-02-22 03:12:22
winarto Kho,sangat penting,5,2026-02-22 02:33:35
Juan Kore lomi,Apknya sanggat¹ bagus,5,2026-02-22 00:57:59
Diaz Pandu,bagus si,5,2026-02-22 00:24:13
Sobriah Hasan,good,5,2026-02-22 00:06:42
Nurul Hidayat,bismillah,5,2026-02-21 23:54:20
Ahyar Mansur,masuk ke zoom sangat mudah dan cepat,5,2026-02-21 13:30:52
totok riyanto,It's so helpful to have an online meeting,5,2026-02-21 04:28:10
Mariati Ewe,bagus,5,2026-02-21 04:27:08
retty rodiana,sangat membantu kegiatan pertemuan online,5,2026-02-21 04:11:26
Ruslin S. Amar,Lumayan bagus,3,2026-02-21 03:42:28
Nefil Nurwianda,"saya tidak suka karna bikin naik darah, karna saat saya masuk tidak bisa tidak di saran kan untuk orang saat puasa.",1,2026-02-21 02:13:56
TOP CELL,sangat membantu dalam zoom grup,3,2026-02-21 01:24:38
Mendel Knaufmone,sangat membantu,5,2026-02-21 00:58:38
Fendik,gak support untuk Oppo a3s,2,2026-02-21 00:47:59
Dian Indahwati,zoom sangat membantu,5,2026-02-21 00:41:22
dian ekowati,Bagus,5,2026-02-20 21:10:54
Muhamad Rokmat,"padahal udah di on camera tapi gambarnya gak mau muncul gimana ini di hp saya, padahal urgent bngt, tolong dong adueh parah......",1,2026-02-20 17:03:38
Reva Sulistiani,"susah untuk update aplikasi zoom ini, kendala saya saat ini yaitu aplikasi nge bug yaitu kamera aplikasi ini tidak dapat digunakan",2,2026-02-20 08:17:16
Abdul Hamid,👍👍👍👍👍,5,2026-02-20 08:00:43
Royke Adrianus Taroreh,nice app...,5,2026-02-20 06:25:00
Fatimah Zuhri,kamera zoom gelap/ tidak tampil padahal on cam,3,2026-02-20 03:30:33
Dzul Hajir,oyyy balikin duit gw yang tiba2 ke potong gara2 premium zoom,1,2026-02-20 03:12:51
Karina Salva,yang HPnya kentang gimana downloadnya masa minta penyimpanannya banyak,1,2026-02-20 01:02:22
Yunita Mellia Manullang,gabisa ganti bg lagii...,3,2026-02-19 14:44:01
Dami,"saya kasih bintang satu aja, soalnya gk bisa mendukung background di semua tipe hape",1,2026-02-19 13:55:59
Boy Student,knp apk zoom ini kalau di pake gk nampak video saya. tolong perbaikan nya terima kasih,1,2026-02-19 12:30:21
Oktavianus Ole Awa,ok,5,2026-02-19 09:52:41
Oppo A12,GK bisa sumpah,1,2026-02-19 07:51:39
JUAN KETRUM,👍👍,5,2026-02-19 07:02:59
nafisha rani,oke,5,2026-02-19 06:32:05
HI_Nuralya,"susah bgt ngedownlod padahal penyimpanan dan jaringan ku dah bagus, stabil",1,2026-02-19 05:04:56
GR MM HASYIM AL HUSAIN HDY BS LABAI BAGINDO MALANO,"ok dan bermanfaat buat diskusi,rapat dan musyawarah jarak jauh",5,2026-02-19 04:04:35
Yeni Mustika,"parah banget, terrible i cant teach,due to black screen fitur kamera gak berfungsi setelah update zoom dah capek otak atik ternyata mang dari apknya bermasalah hitam aja layarnya",1,2026-02-19 03:26:24
ridwan muhlis,toppp,5,2026-02-19 03:17:11
Teratai Yellow,good,5,2026-02-19 02:34:59
ALDEN,ini adalah aplikasi yang menyelamatkan kita sejak tahun 2019-2020 (Covid 19),5,2026-02-19 02:13:46
Pedro Godinho,aplikasi sangat bagus untuk rapat kerja dengan teman-teman,5,2026-02-19 02:12:42
aditya sinambela,"gk bisa mendaftar gw,tolong segera diperbaiki",1,2026-02-18 23:36:41
Nabil 911,"Aplikasi rusak, kenapa saya gak bisa login di laptop, padahal selama pemakaian 2 bulan aman saja",1,2026-02-18 14:51:41
Nila Fadhullah,sangat membantu kegiatan online,5,2026-02-18 13:58:59
Thes Lon,keren,5,2026-02-18 13:46:25
Alfred Kabo,Mantap banget,5,2026-02-18 08:16:50
Meylissa Azahra Syalsabila,aplikasi jelek yang pernah ada selalu bermasalahnya di bagian microphone dan kamera yang gabisa dipake alias gelap gaada gambar nya jadinya saya tidak terekam oleh kelas dan dianggap tidak hadir hanya karena kamera gelap tidak muncul gambar tolong ya diperbaiki jelek banget aplikasi ini,1,2026-02-18 06:47:53
DAVID DAISerui,terbaik,1,2026-02-18 06:46:22
ApG - MrZ,Ga ada ganti background.,1,2026-02-18 06:44:06
Zita Wua,mantap,4,2026-02-18 06:08:43
Aruminafisha Arum,nice,5,2026-02-18 05:48:44
Antzgyu Oppa,"TIDAK BISA JOIN PAKAI TAUTAN, RIBET",1,2026-02-18 03:46:52
hermin kusuma wardani,bagus,5,2026-02-18 03:03:57
Dea Safira,gak bisa di download di hp gue,1,2026-02-18 02:32:34
Djaka Witaya,nice,4,2026-02-18 02:28:26
Imma Mhdhar,"good buat meeting rapat juga kelas online, serta ada banyak fitur fitur yang baru 👍",5,2026-02-17 15:17:18
Vira Yanti,TIDAK BISA DI PAKAI UNTUK TIPE HP LAMAAAA,1,2026-02-17 13:24:46
moh ali,background tdk bisa tampil di hp Oppo A 79,3,2026-02-17 08:44:58
Bank Syariah Pasuruan,keren,5,2026-02-17 06:09:01
RA.SAHNIA AMANDA Apo,muantaap sgt membantu,5,2026-02-17 03:00:37
toyenk bunglon'S,sangat membantu,5,2026-02-17 02:02:55
Lauzafa Abrielza,very good,5,2026-02-16 14:31:19
Menas Mara,luar biasa,5,2026-02-16 12:52:18
Mansur Kahfi,ok aplikasinya,5,2026-02-16 12:40:53
Damha Tiger,bagus dan mudah dipakai,5,2026-02-16 10:38:39
AUFA FAUZIAH,"gilaaaa bangettt ngeselinnyaaa akhir akhir ini ni apk, tadinyaa lancar lancar aja malahan setelah update kamera sayaa hilang dan jadi hitam, gabisa di benerinnn dann berujung sayaa gabisa hadir di kuliah online saya karena tidak bisa membuka kamera dan dosen tidak perdulikan ituu beranggapan bahwa saya mengarang, balikinnnnn versi dulu ajaa gakkk !!!!?",1,2026-02-16 08:36:03
gembul kuthunk,"aplikasi terlalu berat, background tidak bisa dihanti",1,2026-02-16 05:53:47
Zahratul Ulya,kenapa saat on kamera kenapa kamera saya jadi hitam dan tidak muncul wajah saya?,3,2026-02-15 17:13:00
SUPARDI SAMSUDIN,oke,5,2026-02-15 14:01:38
Aisyah Handayani,saat sedang zoom tiba2 mati apa krn kendala sinyal,3,2026-02-15 12:35:06
Hamdan Sanjaya,"engga bisa pakai speaker bluetooth, padahal ada pilihannya. engga bisa di klik, kalau yang lainnya bisa.",1,2026-02-15 09:07:09
Sri Suwarni,di hp saya tidak bisa muncul wolpeper,1,2026-02-14 13:46:30
Febryan,Layar video saya hitam...sudah disetting kesemua settingan tapi tetap hitam...jelek banget layanan nya.,1,2026-02-14 10:10:09
Sri Hartink,bagus,5,2026-02-14 04:21:29
dina Auliya,bagus bgt aplikasi nya,5,2026-02-14 03:29:18
KaJi Channel,good & powerfull,5,2026-02-14 01:54:23
Azzahra Hanisyah,terlalu berat kek jlt,1,2026-02-14 01:29:16
Nailah Putri,susah banget tidak ada virtual background... tolong munculkan virtual background di hp... saya akan ubah jika sdh ada virtual background.,1,2026-02-13 22:17:09
Abraham Korwa,gambar dan suara jelas.,5,2026-02-13 15:25:53
Zulfa Ahmadi,"Ternyata masalah yang saya temui juga ada yg sama ya. ""Ketika menggunakan aplikasi ini tidak bisa menampilkan video kamera, padahal saya lagi ngezoom dan ini urgent sekali. malahan saya udah 7 kali instal kemudian menguninstall kembali, eh taunya emang aplikasinya gak support kayaknya di HP saya. Tolong dong pengembangnya ni aplikasi diperbaiki supaya bisa dipakai untuk semua merek HP.",1,2026-02-13 15:06:10
Tambah Tumbuh Subur Makmur,kenapa g bisa dibuka,5,2026-02-13 13:14:41
Naila abil,"ini harus cukup penyimpanan,harusnya diturunin mb ny buat aku yg ram ny 3,mana aku udah Hapis aplikasi apapun itu banyakk bgt,tapi masih GK bisa di download",2,2026-02-13 10:36:17
M David Suwarsono,tidak support background di samsung A14,5,2026-02-13 09:56:11
Faldy Rinaldy,Bagus,3,2026-02-13 09:34:16
Moh Faiq Abdul Ghafur Amt PMK mdr,"bagus sekali, Saya akan menggunakan aplikasi ini juga",5,2026-02-13 08:32:19
Ahmad Faqih Manduri,sy akan menggunakan aplikasi ini juga bisa,5,2026-02-13 08:10:22
Maina Maina,zoom tidak bisa kamera,5,2026-02-13 05:09:02
Ketut Aryawan,baik,4,2026-02-13 03:02:41
IDRIS SAMSUDIN,mantul,5,2026-02-13 02:12:12
muhammad muhajir,saya sangat terbantu dengan adanya aplikasi zoom ini. terimakasih semoga sukses selalu,5,2026-02-12 17:09:26
U day,suara tersendat tdk lancar,4,2026-02-12 14:10:42
sularno Thok,mantap,5,2026-02-12 13:57:18
Restu Fangestika,kenapa di saya layarnya hitam terus apa tidak mendukung hp saya realme note 60,2,2026-02-12 08:51:16
Zadlan Aqila,tidak semua android bisa terbaca,1,2026-02-12 08:28:56
VianoD,gbs di donlot.. what' an ruang pnyimpanan longgar.. malah gbs kedonlot krna memori penyimpanan pnuh.. aslinya brp mb si ini,1,2026-02-12 07:48:37
Maman Heruman,ok,5,2026-02-12 07:07:10
22_Marvel Damanik,aplikasi sampah camera gak bisa di atur sebelum masuk meet,1,2026-02-12 06:05:36
Sulaiman Rasyid,"bagus sekali, pemimpin pasar",5,2026-02-12 04:42:07
Nova Sari,kamera tidak bisa d buka..,2,2026-02-12 04:12:31
Imam Mahmudi,gak iso gabung,1,2026-02-12 03:09:18
Iznullah Lail,saya puas,5,2026-02-12 01:04:15
Ela NURLAELA,terang . jelas . mantap,5,2026-02-11 23:16:29
rian simbolon,mantap,5,2026-02-11 22:54:42
Echa Ica,mantap,5,2026-02-11 15:03:42
Davit Tiswandi,"Aplikasinya Bagus,hanya saja setelah ter-update otomatis malah semakin bnyk BUG,Share Screen semenjak Update suka Hilang"" gda dlm tampilan layar,Mohon dibantu perbaiki Ulg 🙏",1,2026-02-11 14:36:34
Aini Kartika,saya tidak bisa membuka.. payah,1,2026-02-11 13:52:04
ara mega,"kenapa ya kamera nya pas dinyalain cuma hitam, ga bisa muncul wajah kita, kirain hp ku ternyata, pas coba apk yg lain bisa berfungsi kamera nya, cuma pas di zoomnya aja ga berfungsi",3,2026-02-11 10:05:58
Mandie Audrey,tidak bisa bergabung ke link zoom pdhl jaringan dan smuanya aman sekali.. tpi erorr tidak bisa masuk sama sekali.. saya yg anak kuliahan butuh apk ini untuk zoom jadi tidak bisa ikut kuliah.. terpaksa pakai jatah bolos,1,2026-02-11 05:41:28
Har Min,baik,4,2026-02-11 05:05:19
Bogel Sumbesta,muantap 👍,5,2026-02-11 04:22:07
Dony Marten,kecewaaaaaaa sekali bug nyamembuat kamera saya gelap padahal oncam.,1,2026-02-11 02:46:33
Arya 23 berkah 16,sangat membantu dengan link zoom,5,2026-02-11 01:47:33
andi ahmad ikbal,Alhamdulillah...,5,2026-02-10 17:47:09
Ghaz Ahmada,ok,3,2026-02-10 13:21:06
Anggun Yunita,gak bisa ganti background saat zoom jadi susahh😌,1,2026-02-10 12:38:14
TOPIK BINTANG LOVERS CERIA,❤️,5,2026-02-10 11:42:11
Aimar,solusi tepat untuk melakukan meeting dengan klien,5,2026-02-10 09:25:21
kedasbeauty Palembang,hp android ku tidak bisa download,1,2026-02-10 08:01:47
Dedy Irawan,sangat membantu. trimakasih,5,2026-02-10 06:31:38
Maria Paulina Uju,bagus,5,2026-02-10 05:05:27
nietv,good,5,2026-02-10 02:52:47
Fauji Alvaro12,kereenn,5,2026-02-10 00:36:35
Susanto,masih nyaman digunakan,5,2026-02-09 17:26:05
YULI FERI widyawati,baik,5,2026-02-09 13:38:56
Khairul Daffa,Lama menginstal nya Dan mB nya berat kali,3,2026-02-09 10:11:06
Laurens Jimmy Toemion,OK,5,2026-02-09 08:47:17
Karmin Karso,udah bersihin memor banyak bgt tapi ttp aj gak bisa ke download bagaimana inii,2,2026-02-09 08:02:57
Rio Fornius,"nice, saya kerja lewat zoom terus berjalan dengan baik",4,2026-02-09 07:15:41
y2k S,apl ini bagus,5,2026-02-09 06:14:12
Annida Amelia,"kamera nya udh di izinkan tpi tetep hitam ga muncul, aneehhhhh",1,2026-02-09 05:14:03
misbar asyraf,sangat bagus,5,2026-02-09 04:24:33
Evan Kayana,"kenapa saya tidak bisa login, jadi saya kasi bintang 3 dulu",3,2026-02-09 03:36:28
Herna Suherna,akan ku coba berjalan demi ilmu & pengalaman yg menguntungkan keluarga & Rakyat RI,5,2026-02-08 15:26:28
Narkinzo Cheesco,keluar sendiri saAt menulis WA dan buka aplikasi lain. biasanya tidak begitu,1,2026-02-08 14:25:25
